名称,英文名,id,poiID,经度,维度,标签,特色,价格,最低价格,评价分数,评论数量,封面图片
天山天池,Tianshan Tianchi (“Heavenly Mountain” and “Heavenly Lake”) National Park,4649,76471,43.881302,88.129005,湖泊|5A景区|山岳|道观,新疆的地标性景点,0.0,0,4.5,7160,https://youimg1.c-ctrip.com/target/100p0z000000ml1m4537E.jpg
新疆国际大巴扎,Xinjiang International Grand Bazaar,133968,10524175,43.779959,87.617953,4A景区|城市地标,拥有众多的新疆特色商品,0.0,0,4.4,2068,https://youimg1.c-ctrip.com/target/10011f000001h37tn1715.jpg
乌鲁木齐天山大峡谷,"Tianshan (“Heavenly Mountain”) Grand Canyon, Ürümqi",146986,10522927,43.49345,87.441707,峡谷|冰川|5A景区|雪山,拥有原始雪岭云杉林,0.0,0,4.3,929,https://youimg1.c-ctrip.com/target/0102a12000527f5jf6450.jpg
阿唛龙幻想乐园,,5716302,127645079,43.83334851925987,87.42424732036757,主题乐园,,0.0,0,4.8,746,https://youimg1.c-ctrip.com/target/0104i120009e1nnrlED36.png
红山公园,Hongshan Park,4444,76431,43.807968,87.606485,4A景区|城市公园,登上山顶俯瞰市区全景,0.0,0,4.4,1049,https://youimg1.c-ctrip.com/target/01027120009ciowvs2F7D.jpg
新疆维吾尔自治区博物馆,Xinjiang Uygur Autonomous Region Museum,12428,78644,43.81956957756279,87.58436104683676,4A景区|博物馆,,0.0,0,4.6,871,https://youimg1.c-ctrip.com/target/010011200095zco2o35D3.jpg
新疆古生态园,Xinjiang Ancient Ecological Park,120818,10538424,43.85597404190821,87.57665097336803,自然保护区|动物园,硅化木林与沙漠胡杨并存,0.0,0,4.6,575,https://youimg1.c-ctrip.com/target/350p15000000xz4qx6B02.jpg
乌鲁木齐植物园,Urumqi Botanical Garden,56921,86008,43.890557,87.555756,植物园,观赏各种珍稀的西域植物,0.0,0,4.5,701,https://youimg1.c-ctrip.com/target/100c1f000001gsx2v44B0.jpg
新疆盐湖景区,Guhya Salt Lake,56667,85873,43.397186,88.144531,湖泊,观赏日出晚霞与奇特的盐花,0.0,0,4.3,401,https://youimg1.c-ctrip.com/target/100t1f000001gqbnjC2F6.jpg
南山牧场,Nanshan Ranch,120666,10538278,43.43461334427371,87.17838930965135,草原|山岳,天山脚下美丽的牧场,0.0,0,4.4,305,https://youimg1.c-ctrip.com/target/100f1f000001gqcqd50C8.jpg
丝绸之路国际滑雪场,Silk Road International Ski Resort,1702849,21059492,43.44215346008367,87.41488231725342,户外滑雪,能直达原始森林的滑雪场,0.0,0,4.6,261,https://youimg1.c-ctrip.com/target/0101o1200095zqt33A1A3.jpg
水磨沟公园,Shuimogou Park,4496,76444,43.827699,87.661418,4A景区|城市公园,环境优美的市郊休闲公园,0.0,0,4.5,299,https://youimg1.c-ctrip.com/target/100hhk114x56thc80F06E.jpg
乌鲁木齐水上乐园,Ürümqi Water Park,56919,10758455,43.75499,87.614008,水上乐园,坐游船玩遍众多娱乐项目,0.0,0,4.2,133,https://youimg1.c-ctrip.com/target/100r1f000001gor4t4C0D.jpg
红光山大佛寺,Hongguang Mountain Dafo Temple,120766,10538372,43.80967978801668,87.60541651016158,寺庙,红光山上的汉传佛教寺庙,0.0,0,4.5,119,https://youimg1.c-ctrip.com/target/0102s120008ibt77e4C76.jpg
一号冰川,No. 1 Glacier,4441,76429,43.117115,86.839247,冰川|地质地貌,观赏冰川还有冰洞与雪莲,0.0,0,4.4,88,https://youimg1.c-ctrip.com/target/100b1f000001gsmxu51B5.jpg
维斯特假日酒店温泉,Weisite Jiari Jiudian Hot Spring,2021743,31046639,43.842679,87.67054,泡温泉,,0.0,0,3.8,110,https://youimg1.c-ctrip.com/target/100e1f000001gt2084FCE.jpg
乌鲁木齐博物馆,The Urumqi Museum,144744,10520675,43.822021,87.612905,博物馆,中小学生研学实践教育基地,0.0,0,4.3,88,https://youimg1.c-ctrip.com/target/0105y120008icabq67470.jpg
天山野生动物园,Tianshan Mountain Wildlife Park,56663,10559089,43.66863194682773,87.78625444607975,4A景区|动物园,适合周末全家出行,0.0,0,3.8,71,https://youimg1.c-ctrip.com/target/0100s120008qj7oxwC4EF.jpg
菊花台,Chrysanthemums Terrace,15883,79232,43.463729,87.137756,草原,天山草原中的大片野菊花,0.0,0,4.2,93,https://youimg1.c-ctrip.com/target/100c1f000001gswry699D.jpg
西白杨沟,West Baiyanggou Pasture,4435,76427,43.41668304160778,87.16469290775166,草原|山岳,雪峰草原相映，可骑马观光,0.0,0,4.1,63,https://youimg1.c-ctrip.com/target/0100g120008s7jcfzE16F.jpg
五彩湾,Colorful bay,133975,95903,44.91177295883766,87.8917095961167,地质地貌,天然宝库，岩石五彩斑斓,0.0,0,3.9,61,https://youimg1.c-ctrip.com/target/0101d120009cylu5hD9B9.jpg
新疆民街民俗博物馆,Folk Street and Folk Custom Museum of Xinjiang Uygur,1834732,24653926,43.785303247827,87.617500492756,博物馆,四大主题，展现新疆文化,0.0,0,4.3,46,https://youimg1.c-ctrip.com/target/0104u1200092lwpae383A.jpg
丝绸之路国际度假区,Silk Road International Resort,1513001,18240676,43.44592,87.416755,4A景区|度假村,景色优美的草原度假区,0.0,0,3.8,44,https://youimg1.c-ctrip.com/target/100l1b000001a6nut7DD7.jpg
新疆农业博览园,Xinjiang Agricultural Expo,1683226,18604589,44.05151976830824,87.3759159934195,4A景区|植物园,感受农耕文化，采摘乐趣多,0.0,0,4.3,143,https://youimg1.c-ctrip.com/target/100f1f000001gt8d1ADEE.jpg
乌拉泊古城,Wulabo Ancient City,56661,85870,43.63813400268555,87.61579132080078,古迹,和江南古城不一样的风光,0.0,0,3.5,24,https://youimg1.c-ctrip.com/target/100p1d000001ebzik6EEC.jpg
达坂城风力发电站,Dabancheng Wind Power Station,120665,92386,43.60735641856667,87.78242115522288,城市地标,拍摄戈壁上的百座巨大风车,0.0,0,4.4,272,https://youimg1.c-ctrip.com/target/0100512000877wnu0787E.jpg
乌鲁木齐人民公园,People's Park of Urumqi,4657,76478,43.79734802246094,87.60427856445312,城市公园,中心城区的市民公园,0.0,0,4.5,254,https://youimg1.c-ctrip.com/target/1A0313000000tzu3uEBE0.jpg
天山,Tianshan Mountains,110169,91690,43.868556,88.098381,湖泊|山岳|古树,横跨多国，常年白雪皑皑,0.0,0,4.7,269,https://youimg1.c-ctrip.com/target/100a0t000000iq9rnC8E4.jpg
乌鲁木齐101省道丹霞地貌,"Danxia Landform, 101 Provincial Road, Urumqi",1703258,22022695,43.52252495986127,87.17663676402256,公路道路|地质地貌,峡谷中有绚丽的丹霞景观,0.0,0,4.8,32,https://youimg1.c-ctrip.com/target/100i10000000oqbj417D2.jpg
解忧公主薰衣草,,3505431,39324270,43.781649526936945,87.61223036783568,花海|植物园,,0.0,0,4.8,14,https://youimg1.c-ctrip.com/target/01022120008i7x8roCAC6.jpg
星空魔幻城,Star Magic City,5675357,77416437,43.804063297944346,87.60818685362484,特色体验,多主题的艺术光影世界,0.0,0,4.6,10,https://youimg1.c-ctrip.com/target/35031c000001cmlir237E.jpg
杜氏旅游景区,Du Shi Tourist Resort,129706,10544963,44.11730726305446,87.42740567063598,主题乐园|4A景区,,0.0,0,4.0,102,https://youimg1.c-ctrip.com/target/100p0q000000g9w6pB908.jpg
石人沟,Shiren Valley,1703026,21131375,43.83392,87.78218,草原|雕塑雕像,因突兀的石人和石头得名,0.0,0,4.6,13,https://youimg1.c-ctrip.com/target/100ahk114xa0g0udt21A6.jpg
红山塔,Hongshan Tower,120852,10538456,43.80763883028614,87.60197461309247,古塔,红山公园内的标志性建筑,0.0,0,4.4,124,https://youimg1.c-ctrip.com/target/100e1f000001gt2195CDD.jpg
乌鲁木齐儿童公园,Wulumuqi Children Park,56920,86007,43.832618,87.581152,城市公园,首府亲子活动的好地方,0.0,0,4.2,113,https://youimg1.c-ctrip.com/target/100f1f000001gqarq4694.jpg
郁金香基地,Yujinxiang Base,1713193,22865714,44.129612598007554,87.53579548863624,植物园,万株郁金香绽放，风景如画,0.0,0,4.3,50,https://youimg1.c-ctrip.com/target/0100q120008jnwjxc1B35.jpg
新疆地质矿产博物馆,Xinjiang Uygur Geology Minerals Exhibition Hall,56912,86002,43.826955104625476,87.58827141119305,博物馆,展示了多件化石与矿石,0.0,0,4.3,78,https://youimg1.c-ctrip.com/target/100t1f000001gqabj02DA.jpg
红山公园大佛寺,Hongshan Gongyuan Dafu Temple,120839,10538443,43.80967978801668,87.60541651016158,寺庙,可拜佛祈福的仿古寺庙,0.0,0,4.3,78,https://youimg1.c-ctrip.com/target/0104b120009dh9ed0EA46.jpg
乌鲁木齐文庙,Urumqi Confucian Temple,56915,86004,43.80216598510742,87.62956237792969,祠堂,始建于清代供奉着孔子,0.0,0,4.3,74,https://youimg1.c-ctrip.com/target/10051f000001gsrql4CAF.jpg
妖魔山公园,Demon Mountain Park,46719,82452,43.77101770550775,87.56050249724603,城市公园|山岳,观雪峰落霞，赏鱼跃戏燕,0.0,0,4.2,72,https://youimg1.c-ctrip.com/target/0104b120008ferighB431.jpg
红山公园大佛寺,Hongshan Gongyuan Dafu Temple,120839,10538443,43.80967978801668,87.60541651016158,寺庙,可拜佛祈福的仿古寺庙,0.0,0,4.3,78,https://youimg1.c-ctrip.com/target/0104b120009dh9ed0EA46.jpg
乌鲁木齐文庙,Urumqi Confucian Temple,56915,86004,43.80216598510742,87.62956237792969,祠堂,始建于清代供奉着孔子,0.0,0,4.3,74,https://youimg1.c-ctrip.com/target/10051f000001gsrql4CAF.jpg
五江温泉城,,4249595,43830135,44.108673,88.06139,泡温泉,,0.0,0,4.4,161,https://youimg1.c-ctrip.com/target/10021f000001gxaye8F24.jpg
白云国际滑雪场度假区,Baiyun Ski Resort,1493973,18100783,43.44619856154418,87.4940622167453,户外滑雪,同时拥有滑雪与滑冰场,0.0,0,4.5,70,https://youimg1.c-ctrip.com/target/01061120008aiix2nAE24.jpg
妖魔山公园,Demon Mountain Park,46719,82452,43.77101770550775,87.56050249724603,城市公园|山岳,观雪峰落霞，赏鱼跃戏燕,0.0,0,4.2,72,https://youimg1.c-ctrip.com/target/0104b120008ferighB431.jpg
陕西大寺,Grand Temple of Shaanxi,4656,76477,43.78908754556905,87.62115767877529,寺庙,中原建筑风格的寺庙,0.0,0,4.1,63,https://youimg1.c-ctrip.com/target/10080j0000009zchtFEDA.jpg
鲤鱼山公园,Liyushan Park,1702982,21101705,43.851165956087286,87.58020478070527,城市公园,乌鲁木齐内较大原生态公园,0.0,0,4.3,63,https://youimg1.c-ctrip.com/target/10051f000001gss9pD669.jpg
南湖市民广场,Nanhurenmin Square,120691,10538300,43.823433327611596,87.61815573177294,湖泊|广场,休闲娱乐的好去处,0.0,0,4.7,61,https://youimg1.c-ctrip.com/target/0103r120009cwdo5x452B.jpg
新疆科技馆,Xinjiang Uygur Science and Technology Museum,120917,10538518,43.83399300214043,87.5779072074839,科技馆,观看科普小剧场,0.0,0,4.5,61,https://youimg1.c-ctrip.com/target/100k1f000001guhzi27EE.jpg
青格达湖,Qinggeda Lake,2473667,33174411,44.1160332762508,87.53299132583106,湖泊|湿地,国家4A级景区,0.0,0,4.0,34,https://youimg1.c-ctrip.com/target/350o1f000001gp5599126.jpg
沙漠绿洲水疗会所,Desert Oasis Spa,1415289,13566736,43.88138629647295,87.52826407312156,SPA养生,集水疗和餐饮娱乐于一体,0.0,0,4.4,55,https://youimg1.c-ctrip.com/target/10071e000001gadoc004B.jpg
揽秀园,Lanxiu Garden,120923,10538521,43.80568846116952,87.60024892801054,城市公园,建筑采用清代风格,0.0,0,4.2,63,https://youimg1.c-ctrip.com/target/10030z000000nlcpqF3D7.jpg
新疆人民会堂,People's Hall of Xinjiang,4660,76481,43.831788210453425,87.58417573383066,现代建筑,新疆对外形象代表之一,0.0,0,4.1,56,https://youimg1.c-ctrip.com/target/10040j000000a0w14B9C3.jpg
新疆国际博览中心,xin jiang guo ji bo lan zhong xin,56917,86005,43.81473769392924,87.54481364716926,展览馆,,0.0,0,4.5,50,https://youimg1.c-ctrip.com/target/tg/664/009/015/4edcda573e1440bbab7afa1f69b6fc34.jpg
塔塔尔寺,Tata'er Temple,4658,76479,43.779595139315525,87.61670722067355,清真寺,具有浓厚的中亚风情,0.0,0,4.2,49,https://youimg1.c-ctrip.com/target/0105d1200081tw04i0920.jpg
汗腾格里清真寺,Hantengeli Temple,4659,76480,43.79057832145688,87.61893375175784,清真寺,,0.0,0,4.1,56,https://youimg1.c-ctrip.com/target/01064120008g2llkaFF72.jpg
亚洲大陆地理中心,Asian Continent Geographic Center,18282,10558782,43.685192,87.336655,现代建筑|雕塑雕像,来到亚洲大陆的地理中心,0.0,0,3.8,55,https://youimg1.c-ctrip.com/target/0106p1200086rq1eh9CEA.jpg
远眺楼,Yuantiao Tower,1703486,22032454,43.80804034112643,87.60336427390575,现代建筑,登高远眺城市全貌,0.0,0,4.5,46,https://youimg1.c-ctrip.com/target/01053120009f0dzzvB6B8.jpg
唯美假日休闲会所,Weimei Holiday Leisure Club,69741,10794688,43.819358,87.585922,SPA养生,,0.0,0,4.4,45,https://youimg1.c-ctrip.com/target/100t0d0000006ws3j568D.jpg
哈熊沟,Haxionggou Forest Park,1703182,22019332,43.82657976946724,87.98973410306158,森林,观赏高大的云杉,0.0,0,4.7,12,https://youimg1.c-ctrip.com/target/0105e1200092lj5hdB0A1.jpg
维斯特滑雪场,Weisite Ski Field,1815445,24302898,43.8439944175,87.6732054987,户外滑雪,灯光夜场很棒的滑雪场,0.0,0,4.2,45,https://youimg1.c-ctrip.com/target/100u1f000001gq9cbD97A.jpg
毛泽民故居,Maozemin Former Residence,120697,10538306,43.792457,87.623159,名人故居,全面了解毛泽民生平事迹,0.0,0,4.6,43,https://youimg1.c-ctrip.com/target/100c1f000001gsxk70926.jpg
南湖,Nanhu Lake,120688,10538297,43.823433120717155,87.61815584997571,城市公园,空气清新、风景宜人,0.0,0,4.6,41,https://youimg1.c-ctrip.com/target/0106m1200085dcouf0649.jpg
二道桥清真寺,Urumqi Erdao Bridge Mosque,120720,10538329,43.77974610765288,87.61881548166275,清真寺,,0.0,0,4.3,39,https://youimg1.c-ctrip.com/target/010571200061ty8ba7276.jpg
红光山生态园,Hongguang Mountain Scenic Resort,120685,10538294,43.89156981324256,87.62437044176599,历史建筑|4A景区,大型生态文化旅游园区,0.0,0,4.4,39,https://youimg1.c-ctrip.com/target/100s1f000001gx7gqCC05.jpg
东白杨沟,Dongbaiyang Valley,56895,85994,43.484078933939216,87.30238627763892,森林,山水优美的度假好去处,0.0,0,4.4,38,https://youimg1.c-ctrip.com/target/tg/201/874/492/3cc10cce52ed4830afc500dbc60f3aa2.jpg
新城公园,Xincheng Park,120959,10538554,43.888340874707445,87.54907001020273,城市公园,被誉为首府新区的绿宝石,0.0,0,4.3,37,https://youimg1.c-ctrip.com/target/1007070000002snjoDE56.jpg
新疆生态与地理研究所标本馆,xin jiang sheng tai yu di li yan jiu suo biao ben guan,120819,92388,43.86787974716051,87.56757252124814,博物馆,,0.0,0,4.3,36,https://youimg1.c-ctrip.com/target/tg/060/106/610/cb1b16c53776463c983a9fec536b660f.jpg
野马美术馆,,2705715,38516854,43.85620752434272,87.5753909691755,美术馆,赏油画艺术，感受丝路文化,0.0,0,4.9,29,https://youimg1.c-ctrip.com/target/350j160000010nh229E5F.jpg
乐8小镇,Le8 Town,1678551,18555529,43.77515716638269,87.59086334241053,儿童乐园,,0.0,0,4.6,27,https://youimg1.c-ctrip.com/target/100t1f000001gqbgdB25F.jpg
马牙山,Maya Mountain,4653,76474,43.86126124113554,88.11090986745327,山岳|地质地貌,形态奇特的高山石林,0.0,0,4.1,32,https://youimg1.c-ctrip.com/target/010301200094134rd193E.jpg
西山老君庙,Urumqi Xishan Laojun Temple,120893,10538496,43.80133514171446,87.52333398813329,道观,新疆地区少见的道教宫观,0.0,0,4.1,36,https://youimg1.c-ctrip.com/target/0102r120009dlzojg066B.jpg
石化公园,Petrochemical Park,120793,10538399,43.956060748861404,87.70127011381089,城市公园,,0.0,0,4.0,28,https://youimg1.c-ctrip.com/target/fd/tg/g4/M0B/2D/18/CggYHFbTnwSANB2TAAA3fQYddB4071.jpg
新疆国际会展中心,Xinjiang International Convention and Exhibition Center,1703183,22019333,43.87854316162007,87.62076365628484,展览馆,西部较大会展中心之一,0.0,0,4.4,26,https://youimg1.c-ctrip.com/target/10011f000001h390a9F54.jpg
照壁山,Zhaobi Mountain,4442,76430,43.493423955047405,87.44215613417725,山岳,三面环水，天山云杉纯林,0.0,0,4.5,23,https://youimg1.c-ctrip.com/target/0104x120008ov2ozuA712.jpg
乌拉泊古城,Wulabo Ancient City,56661,85870,43.63813400268555,87.61579132080078,古迹,和江南古城不一样的风光,0.0,0,3.5,24,https://youimg1.c-ctrip.com/target/100p1d000001ebzik6EEC.jpg
博格达峰,Bogeda Peak,4650,76472,43.801496,88.337641,山岳|冰川,天山山脉中的雄伟山峰,0.0,0,4.5,92,https://youimg1.c-ctrip.com/target/100a1f000001grkit6494.jpg
乌鲁木齐市八路军驻新疆办事处纪念馆,Xinjiang Office of the Eighth Route Army,120741,10538347,43.77354637945923,87.61556217770539,纪念馆,,0.0,0,4.6,20,https://youimg1.c-ctrip.com/target/100g0g0000007vshw34A4.jpg
燕窝水世界,Yanwoshui World,2473966,33175112,43.71413504665323,87.59144648179225,水上乐园,玩乐，鱼疗皆不误的水世界,0.0,0,4.2,20,https://youimg1.c-ctrip.com/target/100q170000011fvftB307.jpg
西域民间艺术研究院,Western Region Folk Art Research Institute,1415217,13562418,43.82853916150565,87.61193116097046,展览馆,,0.0,0,4.6,17,https://youimg1.c-ctrip.com/target/100f0m000000dngguD4AD.jpg
历代和阗玉博物馆,Xinjiang Lidai He Tianyu Museum,1703115,22019300,43.88365839008802,87.55222260191228,博物馆,,0.0,0,4.0,20,https://youimg1.c-ctrip.com/target/0106d12000965du9iD5B4.png
天山冰湖葡萄酒庄,"Ice Lake Winery, Mount Tianshan",1834062,24653253,44.18678184726766,87.99947778681387,3A景区,综合性的葡萄庄园,0.0,0,4.6,16,https://youimg1.c-ctrip.com/target/100u1f000001gqaze8517.jpg
九龙生态园,Jiulong Ecological Park,120858,10538462,43.756777,87.457203,陵园,有多个主题的生态陵园,0.0,0,3.7,18,https://youimg1.c-ctrip.com/target/0103k1200095ldpadF872.png
南大寺,Southern Mosque,120681,10538291,43.7802439341776,87.61669510156639,清真寺,,0.0,0,4.2,9,https://youimg1.c-ctrip.com/target/100h1d000001ek0ntCF61.jpg
中国工农红军西路军总支队纪念馆,Zhongguo Gongnonghongjun Xilujun Zong Zhidui Memorial Hall,120700,10538309,43.802395044200566,87.62979317612056,纪念馆,,0.0,0,4.6,14,https://youimg1.c-ctrip.com/target/01023120008bwd9s76AD8.jpg
昆仑之约,Thousand-Year Promise To Kunlun,5608397,70305532,43.455179,87.437726,演出,,0.0,0,4.8,14,https://youimg1.c-ctrip.com/target/350c170000011gpx85F67.jpg
巴里坤寺,Balikun Temple,120716,10538325,43.78152062323636,87.61975230276585,清真寺,,0.0,0,4.9,13,https://youimg1.c-ctrip.com/target/100q0n000000e0ygw75EC.jpg
小绿谷生态园,Xiaolvgu Ecological Park,3377242,39194881,43.838504791259766,87.50415802001953,湖泊|城市公园,湖泊、小岛、树木美不胜收,0.0,0,4.6,13,https://youimg1.c-ctrip.com/target/0102g120008ov2ukc4F95.jpg
新疆丝绸之路博物馆,Silk Route Musem of Xinjiang Uygur,1834697,24653927,43.777614985353324,87.6170304356267,博物馆,,0.0,0,4.4,17,https://youimg1.c-ctrip.com/target/0ww3h120006puxdgo420D.jpg
南公园,Southern Park,2023790,31067731,43.76672794189122,87.60682600522655,城市公园,,0.0,0,4.8,13,https://youimg1.c-ctrip.com/target/0101d1200092mbv6y5461.jpg
头屯河谷森林公园,,5714016,103857752,43.973268357342015,87.31527825046915,森林,,0.0,0,5.0,2,https://youimg1.c-ctrip.com/target/010281200089kxilrBA7D.jpg
植物园冰雪大世界,Zhiwuyuan Bingxue Da World,2519811,36952066,43.89056341834022,87.5560574230614,室内滑雪|冰雪乐园,,0.0,0,4.4,10,https://youimg1.c-ctrip.com/target/100f10000000p3w7e2A7F.jpg
乌鲁木齐美术馆,Art Gallery,120730,10538338,43.82345881790243,87.61392948693853,美术馆,欣赏少数民族画家的作品,0.0,0,4.9,9,https://youimg1.c-ctrip.com/target/10080j000000a10ijEF69.jpg
ROOM ESCAPE真人密室逃脱,Room Escape Escape Room,70002,10794949,43.799514,87.621289,密室,,0.0,0,4.5,8,https://youimg1.c-ctrip.com/target/10020i0000009bumg5B14.jpg
新疆大剧院,Xinjiangda Theater,3408396,39226235,44.00148082362574,87.33433150932724,剧场/剧院,形似天山雪莲的文化场所,0.0,0,5.0,36,https://youimg1.c-ctrip.com/target/0106u1200092lnyce91FD.jpg
新疆人民剧场,People's Theater of Xinjiang Uygur,5143116,58277972,43.791965,87.6084,表演赛事|剧场/剧院,,0.0,0,5.0,2,https://youimg1.c-ctrip.com/target/10011c000001d8qmyA021.jpg
金水缘国际假日水会,,2015601,30784043,43.949701200532914,87.65583219142218,SPA养生,,0.0,0,4.5,11,https://youimg1.c-ctrip.com/target/100t1f000001gqd9o18F2.jpg
天山乌鲁木齐河源1号冰川,"Glacier No.1 at the Headwaters of Urumqi River, Tianshan Mountains",4470576,50614946,43.11243838128591,86.84565033152701,冰川,,0.0,0,0.0,0,https://youimg1.c-ctrip.com/target/01A6j120008weflw59502.jpg
迷途真人密室逃脱文艺路店,,69636,10794583,43.798201,87.618248,密室,,0.0,0,3.9,10,https://youimg1.c-ctrip.com/target/100e0n000000ekb4lE388.jpg
燕儿窝风景区,Yan'erwo Sceneic Area,46722,82453,43.71402072814851,87.58725817483533,森林,乌鲁木齐“天然绿色空调”,0.0,0,4.0,12,https://youimg1.c-ctrip.com/target/tg/877/148/277/a1a13ef8f09d43afb8ffce722e4a2010.jpg
人民公园,Changji People's Park,1829888,24649010,44.0262741595283,87.3134265865215,城市公园,,0.0,0,4.8,36,https://youimg1.c-ctrip.com/target/fd/tg/g5/M07/4C/89/CggYsFazV0GAMGe7AAJscukYiww683.jpg
西小天池,West Small Tianchi,56627,85860,43.90951919555664,88.11556243896484,湖泊,远古堰塞湖，池水清冽幽深,0.0,0,4.4,81,https://youimg1.c-ctrip.com/target/01041120006ob788b7AA0.jpg
昌吉恐龙博物馆,Changji Dinosaur Museum,1749752,23041205,44.013828,87.258523,博物馆,观赏珍贵的恐龙化石,0.0,0,4.0,45,https://youimg1.c-ctrip.com/target/100i1f000001gp3hl1FE6.jpg
滨湖河,Binhuhe,1713159,22865705,44.01547,87.27303,河流,,0.0,0,4.6,37,https://youimg1.c-ctrip.com/target/10021c000001ctknoDEF9.jpg
南山白杨沟风景区菊花台,Nanshan Baiyanggou Scenic Area-Juhuatai Grassland,4470578,50614948,43.469585,87.19015,山岳,,0.0,0,4.0,4,https://youimg1.c-ctrip.com/target/01A4b120008as3qvt81A0.jpg
苜蓿台子旅游风景区,Muxutaizi Tourism Sceneic Area,120870,10538474,43.41815350639833,87.66347144705642,4A景区|徒步,在广阔的草原上远眺雪峰,0.0,0,4.1,11,https://youimg1.c-ctrip.com/target/0102s120008inu6mw8B6C.jpg
苏拉夏河谷,Surasia Valley,1703252,22022705,43.662846,88.009037,河流,徒步欣赏河谷风景,0.0,0,4.6,9,https://youimg1.c-ctrip.com/target/0100h120008qj7xhbE0BB.jpg
青湖御园生态旅游度假区,Qinghu Yuyuan Eco-tourism Resort,129776,10545023,44.13756019034376,87.53710556041945,农家乐,游览观音文化主题园,0.0,0,4.2,41,https://youimg1.c-ctrip.com/target/35061f000001git4c5B31.jpg
飞龙潭,East Xiaotianchi,4652,76473,43.88161345947189,88.12913285699604,湖泊|瀑布,观“悬泉瑶虹”瀑布,0.0,0,4.3,72,https://youimg1.c-ctrip.com/target/100f1f000001gqcl6E6D7.jpg
水西沟瀑布景区,shuixigou Waterfall Sceneic Area,120882,92389,43.47570037841797,87.51116180419922,瀑布,,0.0,0,4.0,10,https://youimg1.c-ctrip.com/target/0103b120009egnx2zE4E0.jpg
新疆相声巴扎,,1673451,18456483,43.836301357941444,87.65481504981327,相声,,0.0,0,4.1,7,https://youimg1.c-ctrip.com/target/0104z12000960fny1B92D.png
硅化木,Silicified Wood Scenic Spot,5590459,67829652,43.851021,87.580241,古迹,,0.0,0,4.9,7,https://youimg1.c-ctrip.com/target/350n160000010d8eh6BDC.jpg
飞雪峡谷,Feixue Canyon,1703016,21129879,43.43197516474967,87.43881092596439,峡谷,颇有名气的避暑休闲胜地,0.0,0,4.9,7,https://youimg1.c-ctrip.com/target/100o0k000000bog7l0B32.jpg
天山天池国际滑雪场,Tianshantianchi International Ski Field,1510328,18153638,43.96654273915908,88.06654967955286,户外滑雪,尽显异域风情,0.0,0,4.7,45,https://youimg1.c-ctrip.com/target/fd/tg/g2/M03/A4/1A/Cghzf1SjsG2AGwtLAAFUHXCftsQ400.jpg
BOBOZOO室内动物园·消消乐萌萌团主题店,Bobozoo Shinei Dongwuyuan·Xiaoxiaole Mengmengtuan Theme,5604351,70024349,43.78907524697351,87.58559678976279,动物园,,0.0,0,4.0,9,https://youimg1.c-ctrip.com/target/350d190000015jfkm9185.jpg
雪莲山高尔夫俱乐部,Xuelianshan Gao'erfu Club,1702846,21058592,43.84210703570005,87.69587463507082,高尔夫,,0.0,0,4.8,6,https://youimg1.c-ctrip.com/target/0104j1200099uavme7CA0.png
南山南滑雪场,Nanshannan Ski Field,1827657,24601350,43.429851296052384,87.16791977490567,户外滑雪,独具一格的天然滑雪场,0.0,0,0.0,0,https://youimg1.c-ctrip.com/target/100i1f000001gp1l3730D.jpg
谧静养生会所,,111413373,111413373,43.83708643416158,87.51668182747343,洗浴汗蒸,,0.0,0,4.8,6,https://youimg1.c-ctrip.com/target/0106s120008xd8xhdD443.jpg
定海神针,Dinghai Shenzhen,4654,76475,43.90010452270508,88.13031768798828,古树,郁郁葱葱、枝繁叶茂,0.0,0,4.4,60,https://youimg1.c-ctrip.com/target/0106e120008e2a27w0FE5.jpg
庙尔沟瀑布风景区,Miao'ergou Waterfall Sceneic Area,69340582,69340582,43.431941,87.4337,森林|山岳,,0.0,0,5.0,8,https://youimg1.c-ctrip.com/target/0104v120008slb3ps6604.jpg
神木生态园,Shenmu Ecological Park,120792,10538398,43.71277226908248,87.58957507169582,园林花园,,0.0,0,4.8,5,https://youimg1.c-ctrip.com/target/010551200095xzsxy4848.png
王母祖庙,Xiwangmu Ancestral Temple,56901,85996,43.899039,88.136396,道观,供有西王母神像,0.0,0,3.7,45,https://youimg1.c-ctrip.com/target/100h1f000001grthaB16C.jpg
化石沟,hua shi gou,56583,85836,44.91177295883766,87.8917095961167,山岳|地质地貌,,0.0,0,3.3,4,https://youimg1.c-ctrip.com/target/tg/908/439/319/4d85f77ef139441d8621d4e270b97d24.jpg
达板城东沟河谷次生林景区,Dabanchenghe Guci Shenglin Sceneic Area,4728351,55207158,43.422733152853425,88.4632365835499,森林|山岳|小镇,,0.0,0,4.8,8,https://youimg1.c-ctrip.com/target/100h0u000000iytu616D1.jpg
南山古烽火台,Nanshan Ancient Beacon Tower,4506647,50642463,43.55822,87.47182,古迹,,0.0,0,0.0,0,https://youimg1.c-ctrip.com/target/0ww3u120009465i7t473B.jpg
宴艺大剧院,Yanyida Theater,4385384,50955474,43.779127,87.617907,剧场/剧院,,0.0,0,0.0,0,https://youimg1.c-ctrip.com/target/10060s000000hw91qFB56.jpg
石河子南山,South Mountain of Shihezi,4470555,50614925,43.49378,87.972855,山岳,,0.0,0,0.0,0,https://youimg1.c-ctrip.com/target/0ww0212000946gwe197D4.jpg
度假南山大众滑雪场,Lantian Ski Field,1494016,18100796,43.450579528591796,87.47867634554412,户外滑雪,雪场成扇形辐射下延,0.0,0,3.3,3,https://youimg1.c-ctrip.com/target/0101j1200089roqwj49B3.jpg
区域古生物化石及典型岩矿标本陈列馆,,2628483,38438622,43.887088,87.565311,博物馆|展览馆,,0.0,0,4.3,3,https://youimg1.c-ctrip.com/target/0105y120009a4nuya77D2.png
五棵松滑雪场,Wukesong Ski Field,1494017,18100799,43.47465700000001,87.511103,户外滑雪,设有清真餐厅,0.0,0,0.0,0,https://youimg1.c-ctrip.com/target/tg/580/782/215/6dbd6ced0c3d4d73900644d3df666895.jpg
碧海银沙洗浴,,5716087,126080356,43.79412968932482,87.59324714197122,洗浴汗蒸,,0.0,0,3.3,3,https://youimg1.c-ctrip.com/target/0102b120008wpwb0xCC2F.jpg
阳光滑雪场,Yangguang Ski Field,3708570,39529109,43.44617257939953,87.48384495019684,户外滑雪,设有独树一帜的雪圈欢乐谷,0.0,0,5.0,5,https://youimg1.c-ctrip.com/target/100h10000000o7bokB10D.jpg
南湖市民广场玛河公园,Nanhu Shimin Guangchang-Mahe Park,4611888,51836664,43.82655153280962,87.6199392878185,城市公园,,0.0,0,5.0,5,https://youimg1.c-ctrip.com/target/01A5w120009hl42ls52A1.jpg
天池森林公园,Tianchi Forest Park,4470490,50614860,43.88161345947189,88.12913285699604,森林,相传王母娘娘瑶曾居于此,0.0,0,4.2,20,https://youimg1.c-ctrip.com/target/0100x1200082zbhmq46F7.jpg
雅马里克山旅游风景区,Yamalike Mountain Tourist Scienc Area,4470571,50614941,43.866646,87.64312,山岳,,0.0,0,1.0,2,https://youimg1.c-ctrip.com/target/0100112000964krzq18BF.png
花儿沟,Huaergou Tourist Area,56676,85882,43.96760510571559,88.06795247689469,花海|地质地貌,被誉为“万花之谷”,0.0,0,4.5,11,https://youimg1.c-ctrip.com/target/10031f000001grzxb201E.jpg
新疆木卡姆艺术团剧场,Xinjiang Mukamu Yishu Tuan Theater,4612327,51830606,43.75402455554303,87.63486969084785,表演赛事|剧场/剧院,,0.0,0,4.5,3,https://youimg1.c-ctrip.com/target/100n0w000000kcld00CB6.jpg
清泉寺,Qingquan Temple,69551268,69551268,43.83034,87.659461,寺庙,,0.0,0,5.0,3,https://youimg1.c-ctrip.com/target/01020120009e2dttfCE9F.jpg
天山坝,Tianshan Dam,5544368,61928856,43.49345059616925,87.44170435107647,水利工程,,0.0,0,5.0,2,https://youimg1.c-ctrip.com/target/100v15000000xlnlnA546.jpg
丝绸之路国际度假区丝路汤泉,,4246351,41204170,43.44281778045496,87.41506138523943,泡温泉,,0.0,0,4.5,2,https://youimg1.c-ctrip.com/target/100m1f000001gzmsv2C76.jpg
天山小峡谷滑雪场,Tianshanxiao Canyon Ski Field,5700920,78974926,43.41850817340291,87.37190233236848,户外滑雪,雪上项目丰富多彩,0.0,0,5.0,2,https://youimg1.c-ctrip.com/target/350c1b000001anoa4076D.jpg
新疆阿尔斯兰美食歌舞剧院,Xinjiang A'ersilan Meishi Gewu Theater,3690665,39511104,43.83024382662586,87.63411071866398,表演赛事|剧场/剧院,,0.0,0,5.0,2,https://youimg1.c-ctrip.com/target/100n14000000wvsgaD802.jpg
雪岭鹰谷艾美露营公园,"Aimei Camping Park, Eagle Valley, Snow Ridge",83442015,83442015,43.43792916920667,87.3655298381703,露营,,0.0,0,4.5,2,https://youimg1.c-ctrip.com/target/100p1f000001gmamkE142.png
亚心“红豆草”庄园,"Yaxin ""Red Bean Grass"" Manor",70555,10795502,43.685311,87.336746,,,0.0,0,5.0,2,https://youimg1.c-ctrip.com/target/0104p120009a4bol5A322.png
银峰滑雪场,Yinfeng Ski Field,1703023,21131680,43.44569017021444,87.47819818106008,户外滑雪,,0.0,0,1.0,2,https://youimg1.c-ctrip.com/target/0103e1200096k2uag6D19.jpg
卧龙岗庄园,Wolonggang Manor,1703257,22022683,43.8028381813907,87.74432849321943,地质地貌,,0.0,0,5.0,2,https://youimg1.c-ctrip.com/target/0104b1200097950cx401D.png
灯杆山,Denggan Mountain,56677,85883,43.878789,88.09608,山岳,,0.0,0,4.1,17,https://youimg1.c-ctrip.com/target/tg/720/225/362/da6613c522e641819481d944e30e9a94.jpg
杜氏丛林探险大世界,Du Shi Jungle Adventure World,1751646,23104298,44.11731938220738,87.42738361926682,儿童乐园,,0.0,0,4.4,10,https://youimg1.c-ctrip.com/target/fd/tg/g4/M0B/A5/30/CggYHFX6d9yAbnPDAARj_tW-xUU092.jpg
清代粮仓,Granary in the Qing Dynasty,4568799,51289476,44.02925153522948,87.30298336462933,古迹,,0.0,0,4.6,7,https://youimg1.c-ctrip.com/target/100c0v000000jzrg5A447.jpg
昌吉回民小吃街,ChangJi HuiMin XiaoChi Jie,5168614,58308465,44.026264,87.31665,特色街区,,0.0,0,4.8,7,https://youimg1.c-ctrip.com/target/0104h120008bqo9rw7D3D.jpg
西山红岩水库,Xishan Hongyan Reservoir,4505923,50644735,43.8823,87.52145,水利工程,,0.0,0,0.0,0,https://youimg1.c-ctrip.com/target/100b0y000000ludyhA229.jpg
林则徐纪念像,,3141265,38956704,43.80803868,87.60191019,纪念碑,,0.0,0,5.0,1,https://youimg1.c-ctrip.com/target/0105q1200096rjcbkEE18.png
乌拉斯台草原,Wulasitai Grassland,90497655,90497655,43.434718,87.178348,草原,,0.0,0,5.0,1,https://youimg1.c-ctrip.com/target/0103c120009637z9l0710.png
乌鲁木齐市馕文化产业园,,112646816,112646816,43.88913658342328,87.68768242578152,文化旅游区,,0.0,0,4.0,3,https://youimg1.c-ctrip.com/target/0101w1200092zeuu1CD05.jpg
南山国家森林公园,Nan Mountain National Forest Park,69547251,69547251,43.624994,87.526584,城市公园,,0.0,0,5.0,1,https://youimg1.c-ctrip.com/target/0106l1200084ctq4g1782.jpg
新疆美术馆,,131904869,131904869,43.829933488118904,87.58537049861596,展览馆,,0.0,0,5.0,1,https://youimg1.c-ctrip.com/target/0106x120009ebe6rmC24A.jpg
法明寺,Faming Temple,1702866,21061702,43.455469672380254,87.39625776842061,寺庙,,0.0,0,4.0,1,https://youimg1.c-ctrip.com/target/10091f000001gsqkk7F5B.jpg
达坂白杨沟,Daban Baiyanggou Scenic Spot,5067052,56808803,43.666073,88.02338,峡谷,,0.0,0,5.0,1,https://youimg1.c-ctrip.com/target/100r170000011fmsiF37C.jpg
新疆活体昆虫博物馆,,131915395,131915395,43.89056341834022,87.5560574230614,博物馆,,0.0,0,5.0,1,https://youimg1.c-ctrip.com/target/0101g1200097oppk260A7.jpg
新疆民俗风情街,Xinjiang Minsu Fengqing Street,2523974,38333213,43.790417309898366,87.61897591633624,游乐场|公园乐园,,0.0,0,1.0,1,https://youimg1.c-ctrip.com/target/100v1d000001eknvs7D27.png
达坂城景区露营地,,134005017,134005017,43.32718919997403,88.33827054726325,露营,露营地,0.0,0,5.0,1,https://youimg1.c-ctrip.com/target/0104w120009gdswg3D4A9.jpg
野行家牧野计划露营地,,134029230,134029230,43.445904783250086,87.48348464067267,露营,沉浸于自然,0.0,0,5.0,1,https://youimg1.c-ctrip.com/target/0105d120009hxr3id5D06.jpg
天下第一馕,No.1 Nang in the World,5566343,64308156,43.88847415762638,87.6879919824841,创意园区,,0.0,0,5.0,8,https://youimg1.c-ctrip.com/target/1A0p1b000001a4f9cB3BB.jpg
仲颐花海主题乐园,Zhongyihuahai Theme Amusement Park,3892793,39715232,43.934838742020965,87.37790075571571,主题乐园,白天夜晚各有特色,0.0,0,5.0,1,https://youimg1.c-ctrip.com/target/100e180000014hjhi8929.jpg
岚地▪花田计划露营地,,134029271,134029271,43.55350445454292,87.336863513821,露营,篝火夜话 帐篷酒吧,0.0,0,5.0,1,https://youimg1.c-ctrip.com/target/0103g120009howqlfDD34.jpg
昌吉回族自治州科技馆,,2594571,38404610,44.030740485995594,87.27352501470943,科技馆,,0.0,0,4.4,5,https://youimg1.c-ctrip.com/target/01070120009awf2805B5E.jpg
潜龙渊,Qianlong Lake,5655380,72830850,43.909291,88.11545,湖泊|瀑布|山岳,天池暗流补给水源而成,0.0,0,5.0,6,https://youimg1.c-ctrip.com/target/100l190000015ykat5DBA.jpg
白杨沟,Baiyanggou Scenic Spot,5657382,72862828,43.905032,88.109147,森林,摄影家、画家的天堂,0.0,0,5.0,5,https://youimg1.c-ctrip.com/target/100r1f000001goq3l9753.jpg
努尔加国际滑雪场,Nu'erjia Ski Resort,4284346,44774680,43.853663,87.087599,户外滑雪,有雪道7条,0.0,0,4.8,4,https://youimg1.c-ctrip.com/target/01053120008jponno1932.jpg
飞览天下·新疆会客厅,,5718433,130892098,44.13205042259511,88.04290391348684,特色体验,,0.0,0,4.3,7,https://youimg1.c-ctrip.com/target/0101212000935t73d2E18.jpg
红庙子道观,Hongmiaozi Taoist Temple,5076343,56812317,43.836545161419394,87.54775469255192,道观,,0.0,0,0.0,0,https://youimg1.c-ctrip.com/target/10070z000000ne2bjC07D.jpg
达板镇达板古城,"Daban Ancient City, Daban Town",5009391,56181176,43.32630749748791,88.3386134042295,古城古镇,,0.0,0,0.0,0,https://youimg1.c-ctrip.com/target/100c190000017xmnq8562.jpg
植物园动漫水世界,Zhiwuyuan Dongman Shui World,2481489,33551363,43.89031413767367,87.5547750502394,水上乐园,,0.0,0,0.0,0,https://youimg1.c-ctrip.com/target/100h0t000000iokyiF443.jpg
毛主席铜像,Bronze Statue of Chairman Mao,5590461,67829654,43.851021,87.580241,雕塑雕像,,0.0,0,0.0,0,https://youimg1.c-ctrip.com/target/350o160000010d0xu7E73.jpg
八道湾生态园,Badaowan Ecological Park,2628434,38438573,43.88301,87.65903,植物园,,0.0,0,0.0,0,https://youimg1.c-ctrip.com/target/fd/tg/g2/M08/C4/B0/CghzgVW7H_mAH93mAAA_kl5amJk965.jpg
烽火台小镇,,5714017,103857813,43.63214208885786,87.3812122599104,小镇,,0.0,0,0.0,0,https://youimg1.c-ctrip.com/target/0104m1200089ky1wuF897.png
丝路影城,Silk Road Cinema,5707769,82733060,43.4472739581314,87.41574224876196,影视城,,0.0,0,0.0,0,https://youimg1.c-ctrip.com/target/350f1e000001fr0gt62F9.jpg
天润丝路云端牧场,,131904876,131904876,43.61544546609674,87.41699452864924,展览馆,,0.0,0,0.0,0,https://youimg1.c-ctrip.com/target/fd/tg/g2/M02/C5/09/Cghzf1W7IBCAU1soAAA1rXNRb5g042.jpg
领馆巷美食街,,4384948,132066927,43.77661648507606,87.6113301324501,特色街区,,0.0,0,0.0,0,https://youimg1.c-ctrip.com/target/0103l120009c4i21p85FC.png
天牧玫瑰园,Tianmu Rose Garden,1703156,22019224,43.47307374190245,87.4897733912134,植物园,,0.0,0,5.0,1,https://youimg1.c-ctrip.com/target/0105a1200099zph1xFE86.png
乌鲁木齐天山公园,Wulumuqi Tian Mountain Park,4709349,53562330,43.755617,87.639257,城市公园,,0.0,0,0.0,0,https://youimg1.c-ctrip.com/target/100m0t000000iwe9uA43D.jpg
马文化博物馆,Ma Culture Museum,5595341,67833161,43.851021,87.580241,博物馆,,0.0,0,0.0,0,https://youimg1.c-ctrip.com/target/350u160000010nxj4BBAB.jpg
柳园度假,,4612310,51830559,44.0161553269838,87.4981939592433,度假村,,0.0,0,0.0,0,https://youimg1.c-ctrip.com/target/fd/tg/g1/M04/FC/25/CghzflW7IA6AKGPbAAA4x2Gv3VY561.jpg
三宫清真大寺,Sangong Qingzhenda Temple,4611901,51836682,43.9058649344112,87.5730326378255,教堂,,0.0,0,0.0,0,https://youimg1.c-ctrip.com/target/0102212000978z6dm4164.png
新明社区科普展馆,,2628534,38438673,43.897889,87.498386,展览馆,,0.0,0,0.0,0,https://youimg1.c-ctrip.com/target/fd/tg/g2/M02/C5/09/Cghzf1W7IBCAU1soAAA1rXNRb5g042.jpg
石人沟蝴蝶谷,"Butterfly Valley, Stone-Person Ditch",69534092,69534092,43.81589704113533,87.82302212849572,山岳,,0.0,0,0.0,0,https://youimg1.c-ctrip.com/target/010101200096mhs295864.png
水墨天山步道国家公园,Shuimotian Shan Budao National Park,69563185,69563185,43.81896623189841,87.81746152374265,城市公园,,0.0,0,0.0,0,https://youimg1.c-ctrip.com/target/0103812000963gzpo938A.png
红湾花海,Hongwan Flower Sea,69569096,69569096,43.84320373110493,87.78477186771713,景点|城市地标,,0.0,0,0.0,0,https://youimg1.c-ctrip.com/target/01A01120009fxtcem254D.jpg
昌吉开心农场,,90991095,90991095,43.97147841623575,87.37643088553963,农场,,0.0,0,0.0,0,https://youimg1.c-ctrip.com/target/010701200098p648uB4FD.png
璀璨星空艺术馆,Shinning Star Art Museum (Urumqi),5707808,82733059,43.86040241150521,87.53575294747701,,,0.0,0,0.0,0,https://youimg1.c-ctrip.com/target/350g1e000001froo8E8E9.jpg
新疆医科大学-图书馆,,82975642,82975642,43.837505640652616,87.57858778698791,,,0.0,0,0.0,0,https://youimg1.c-ctrip.com/target/0102c1200097jweet6699.png
南湖创造体育文化创意园,,5708863,85344053,43.863981179597076,87.64569272337503,体育场馆,,0.0,0,0.0,0,https://youimg1.c-ctrip.com/target/1A041g000001h190zC718.jpg
五一星光夜市,Wuyi Starlight Night Market,90497650,90497650,43.78774537828914,87.5875283978979,特色街区,,0.0,0,0.0,0,https://youimg1.c-ctrip.com/target/01A5e120008oq26aaB02D.jpg
山地滑雪场,,107518912,107518912,43.439258833526154,87.37392016466781,户外滑雪,,0.0,0,0.0,0,https://youimg1.c-ctrip.com/target/0101k120008c78854B852.jpg
大巴扎步行街,,131896468,131896468,43.781534,87.614707,特色街区,,0.0,0,0.0,0,https://youimg1.c-ctrip.com/target/fd/tg/g2/M04/C5/08/Cghzf1W7IAuAf_KnAAA64Rrw844266.jpg
长青美食购物街,,124252161,124252161,43.82447681,87.62483506,特色街区,,0.0,0,0.0,0,https://youimg1.c-ctrip.com/target/fd/tg/g2/M04/C5/08/Cghzf1W7IAuAf_KnAAA64Rrw844266.jpg
加斯达坂观光区,Jiasidaban Tourist Area,5545372,61931517,43.393496,87.468512,湖泊|草原,,0.0,0,0.0,0,https://youimg1.c-ctrip.com/target/100615000000xb8md4F49.jpg
米泉天地园农庄,Miquan Farm,4470570,50614940,43.965839,87.649567,沙滩,,0.0,0,0.0,0,https://youimg1.c-ctrip.com/target/0106z1200096ee2y80B3C.png
后峡,Houxia Valley,5068099,56806780,43.26760111318881,87.1702331921828,峡谷,,0.0,0,0.0,0,https://youimg1.c-ctrip.com/target/1A0c1h000001hs58iD5DE.jpg
碧龙湾,Bilong Bay,5542374,61925882,43.402616,87.389309,湖泊,,0.0,0,0.0,0,https://youimg1.c-ctrip.com/target/10081f000001gqhyd1CBA.jpg
天门,Tianmen Scenic Spot,5546625,61931137,43.49345059616925,87.44170435107647,观景台,,0.0,0,0.0,0,https://youimg1.c-ctrip.com/target/100915000000xcvrgAFD4.jpg
南山风景区,Nan Mountain Sceneic Area,69349320,69349320,43.389928,87.231302,花海|山岳,,0.0,0,0.0,0,https://youimg1.c-ctrip.com/target/0106p120009en8p01F5AD.jpg
国家记忆馆,,5591453,67828693,43.85593691960347,87.57681499592218,纪念馆,,0.0,0,0.0,0,https://youimg1.c-ctrip.com/target/3509160000010gkwr067C.jpg
莲廷科技生态园,,2628403,38438542,43.886884,87.43086,植物园,,0.0,0,0.0,0,https://youimg1.c-ctrip.com/target/0101m1200097rclm30147.png
天山国际滑雪场,,2671689,38482428,43.451018,87.145313,户外滑雪,,0.0,0,0.0,0,https://youimg1.c-ctrip.com/target/fd/tg/g1/M06/AF/64/CghzfFW7IBOAGUvvAAA3NwfJcUU967.jpg
峡门子风景区,Xiamenzi Sceneic Area,69550521,69550521,43.907549,87.884897,景点|城市地标,,0.0,0,0.0,0,https://youimg1.c-ctrip.com/target/0103l12000830smi44101.jpg
青湖清真寺,Qinghu Mosque,4611914,51836696,44.037333104955614,87.52506969434909,教堂,,0.0,0,0.0,0,https://youimg1.c-ctrip.com/target/fd/tg/g2/M02/AE/62/CghzgFW7IBCAHuSzAAAx3FcjVOM139.jpg
奇幻解压馆,,133546351,133546351,43.910910147946154,87.57103018090696,特色体验,,0.0,0,0.0,0,https://youimg1.c-ctrip.com/target/0106a120009aqg2fc23BA.jpg
新疆相声巴扎（北晟店）,,133552394,133552394,43.816673,87.555594,相声,,0.0,0,0.0,0,https://youimg1.c-ctrip.com/target/fd/tg/g1/M0B/AF/64/CghzfFW7IBiAbRBQAAA6mTB41cU415.jpg
迪乐尼儿童成长梦工厂,,5716712,129749266,43.88490821950228,87.61138872219514,儿童乐园,,0.0,0,0.0,0,https://youimg1.c-ctrip.com/target/01020120008suo7ez7848.jpg
乔亚草场,Qiaoya Meadow,5542373,61925880,43.49345059616925,87.44170435107647,草原,,0.0,0,0.0,0,https://youimg1.c-ctrip.com/target/100t15000000xam2s5C2B.jpg
米东区文化馆,Midong District Cultural Center,3141266,38956705,43.963486,87.656242,展览馆,,0.0,0,0.0,0,https://youimg1.c-ctrip.com/target/0105q12000975pbh1A7E4.png
玖运园,Jiuyun Garden,4612204,51837362,43.8939828329739,87.4903307903001,广场,,0.0,0,0.0,0,https://youimg1.c-ctrip.com/target/01A3l12000834ka7i5B0D.jpg
大绿谷生态公园,Dalvgu Ecology Park,69559889,69559889,43.84109157191778,87.49297087898029,城市公园,,0.0,0,0.0,0,https://youimg1.c-ctrip.com/target/010141200095x6szgE037.png
小渠子旅游区,Xiaoquzi Tourist Area,69576061,69576061,43.51582,87.12286,景点|城市地标,,0.0,0,0.0,0,https://youimg1.c-ctrip.com/target/1A091g000001hhqkfEC15.jpg
亚心花海主题乐园,,5714024,103857770,43.934996540737366,87.37797722473873,花海,,0.0,0,0.0,0,https://youimg1.c-ctrip.com/target/0100d1200089kxtyc6265.jpg
别有洞天滑雪场,,5720258,133522008,44.01010266360994,87.8169001347038,,,0.0,0,0.0,0,https://youimg1.c-ctrip.com/target/0106r1200099meffv8802.jpg
UKU科技体验馆（德港店）,,113522651,113522651,43.87775071583767,87.53278057051602,游乐游艺,,0.0,0,0.0,0,https://youimg1.c-ctrip.com/target/0100z120009bd1v445FDC.jpg
延安公园,,112650841,112650841,43.769612,87.623249,城市公园,,0.0,0,0.0,0,https://youimg1.c-ctrip.com/target/0106612000975onh2D41C.png
红光山景区,,131917322,131917322,43.891661802870935,87.62429717102245,自然风光,,0.0,0,0.0,0,https://youimg1.c-ctrip.com/target/fd/tg/g4/M09/50/11/CggYHlXkKmmAD-QXAAAz-7Q9pbY083.jpg
柴窝堡湖,Ziwobao Lake,4655,76476,43.514500192776445,87.90870427087302,湖泊,雪山脚下美丽的湖泊,0.0,0,3.9,55,https://youimg1.c-ctrip.com/target/100q1f000001griuiF57B.jpg
天鹅湖,Swan Lake,5073260,56810011,43.49345059616925,87.44170435107647,湖泊,,0.0,0,0.0,0,https://youimg1.c-ctrip.com/target/10081f000001gqh4lCA2D.jpg
鹰沟旅游风景区,Yinggou Tourism Sceneic Area,69567050,69567050,43.438979,87.323951,景点|城市地标,,0.0,0,0.0,0,https://youimg1.c-ctrip.com/target/0102m12000963fqd8C8A6.png
白鸟湖湿地,Bainiaohu Wetland,67818910,67818910,43.81815474196285,87.44666890987371,湿地,,0.0,0,0.0,0,https://youimg1.c-ctrip.com/target/0106q120009671tnb836A.png
华隆·美特商业街,HuaLong MeiTe ShangYe Jie (WanHe Jie),5171039,58307885,43.965839,87.649567,特色街区,,0.0,0,0.0,0,https://youimg1.c-ctrip.com/target/010721200097mxxpj0664.png
白云戏雪乐园,,110676173,110676173,43.44472133045619,87.49668058084296,冰雪乐园,,0.0,0,0.0,0,https://youimg1.c-ctrip.com/target/0106i120008e297tw0534.jpg
石人沟石碟谷风情园,,112647434,112647434,43.822458,87.78598,山岳,,0.0,0,0.0,0,https://youimg1.c-ctrip.com/target/01015120008gd9sc5D246.jpg
UKU科技体验馆（高新万达店）,,113590471,113590471,43.910842241702895,87.57212671033686,游乐游艺,,0.0,0,0.0,0,https://youimg1.c-ctrip.com/target/0100a120009bd0i651DDA.jpg
红雁池风景旅游区,,112653373,112653373,43.70963154336657,87.61614033277023,池塘,,0.0,0,0.0,0,https://youimg1.c-ctrip.com/target/0102g120008ihkv7w4332.jpg
胡杨林,,98278702,98278702,43.851012757626506,87.58024376531235,游玩项目,,0.0,0,0.0,0,https://youimg1.c-ctrip.com/target/350v15000000yb1ikDD90.jpg
博格达冰川群,,5715783,123668334,43.811432617784526,88.30021244150446,冰川,,0.0,0,0.0,0,https://youimg1.c-ctrip.com/target/fd/tg/g1/M06/FC/24/CghzflW7H_iATdynAAA-FlXAIeA738.jpg
阿克苏冰湖,,5715804,123668299,43.786680421408946,88.50215327417533,湖泊,,0.0,0,0.0,0,https://youimg1.c-ctrip.com/target/fd/tg/g1/M02/AE/86/CghzfVW7H_2AfYXiAAA0yMVsNrk713.jpg
老虎口,,123668333,123668333,43.80001813173602,88.44579240294648,地质地貌,,0.0,0,0.0,0,https://youimg1.c-ctrip.com/target/fd/tg/g2/M09/C4/B0/CghzgVW7H_uAX_m1AAA1cv3XsVg850.jpg
博格达登山大本营,,123574017,123574017,43.80238656217619,88.26367520187638,露营,,0.0,0,0.0,0,https://youimg1.c-ctrip.com/target/fd/tg/g2/M04/C4/B2/CghzgVW7IBGAdX-kAAA_MMqBT7g984.jpg
石人子沟,Shirenzi Ditch,4470542,50614912,43.802098616438485,87.80383040683151,地质地貌,,0.0,0,0.0,0,https://youimg1.c-ctrip.com/target/100j14000000x520a7C02.jpg
天池路清真寺,Tianchi Road Mosque,4580321,51596687,44.01587006583652,87.29858538816787,清真寺,,0.0,0,1.0,1,https://youimg1.c-ctrip.com/target/100q0u000000itum99FC2.jpg
猛进水库,,69332311,69332311,44.130321,87.539066,景点|城市地标,,0.0,0,5.0,1,https://youimg1.c-ctrip.com/target/0105h1200086t7j2t0EC1.jpg
新疆兵团第六师五家渠市博物馆,Xinjiang Bingtuan Diliu Shi Wu Jia Qushi Museum,4582293,51623317,44.1672586817459,87.5384614554424,博物馆,,0.0,0,5.0,1,https://youimg1.c-ctrip.com/target/0100k12000964irlbFF83.png
东沟风景区,Donggou Sceneic Area,1713866,22866359,43.42242115959698,87.53559841151477,瀑布,,0.0,0,4.5,2,https://youimg1.c-ctrip.com/target/01A5d12000849ek9g9419.jpg
森林公园,Forest Park,4568796,51289467,43.979131832920906,87.2832482205275,森林,,0.0,0,0.0,0,https://youimg1.c-ctrip.com/target/0104v1200095x76445F2E.jpg
黄金海岸水上乐园,Huangjinhai'an Water Amusement Park,4034452,39858091,44.02486830905278,87.31299558110912,水上运动|水上乐园,,0.0,0,0.0,0,https://youimg1.c-ctrip.com/target/100u0u000000ivlig2E41.jpg
图书馆(北京北路店),,2594634,38404673,44.01777302648437,87.30061954278894,,,0.0,0,0.0,0,https://youimg1.c-ctrip.com/target/fd/tg/g1/M01/AF/63/CghzfFW7IASAT10JAAA6hcRCmrA034.jpg
汇嘉时代星光夜市,,131896470,131896470,44.015908,87.277458,特色街区,,0.0,0,0.0,0,https://youimg1.c-ctrip.com/target/fd/tg/g2/M04/C5/08/Cghzf1W7IAuAf_KnAAA64Rrw844266.jpg
101省道,"Provincial Highway 101, Xinjiang",5073103,56809854,43.739359899054236,86.99167187527017,公路道路,,0.0,0,2.0,9,https://youimg1.c-ctrip.com/target/010401200092lzun92257.jpg
军垦公园,,131917316,131917316,44.161921224845685,87.52113252842726,广场|公园乐园,,0.0,0,0.0,0,https://youimg1.c-ctrip.com/target/fd/tg/g4/M04/50/37/CggYHFXkKmqAKBbpAAA_gurpfsg352.jpg
世纪园,Hutubi Century Park Scenic Area,1416646,13656713,44.186545,86.891704,4A景区|城市公园,,0.0,0,4.5,33,https://youimg1.c-ctrip.com/target/10050j000000a2e6oF074.jpg
阜康康乾街,KangQian Jie,5169021,58308872,44.15028,87.974648,特色街区,,0.0,0,0.0,0,https://youimg1.c-ctrip.com/target/010611200097pn6lv3D08.png
碧琳城旅游小镇,Bilin City Tourist Town,5635393,71527686,44.165101746824284,87.9483934468913,特色街区,,0.0,0,0.0,0,https://youimg1.c-ctrip.com/target/100u180000013vrqo1BB0.jpg
阜康工业展馆,Fukang Industrial Exhibition Hall,5632403,71530650,44.148995096701825,87.98937814653135,展览馆,,0.0,0,0.0,0,https://youimg1.c-ctrip.com/target/100o180000013uo0q2EF2.jpg
五江天山温泉国际度假城,Wujiang Tianshan Hot Spring International Resort City,65244847,65244847,44.10842413937568,88.06089474795229,度假村,,0.0,0,0.0,0,https://youimg1.c-ctrip.com/target/0103f120008y4tx1j1950.png
蟠桃园度假村,Pantaoyuan Resort,4568394,51286819,44.166732887593,87.9772759843369,度假村,,0.0,0,0.0,0,https://youimg1.c-ctrip.com/target/fd/tg/g1/M04/FC/25/CghzflW7IA6AKGPbAAA4x2Gv3VY561.jpg
山坡旅游度假区,,5635394,71527688,44.126847,88.049805,度假村,,0.0,0,0.0,0,https://youimg1.c-ctrip.com/target/fd/tg/g1/M04/FC/25/CghzflW7IA6AKGPbAAA4x2Gv3VY561.jpg
努尔加大峡谷,Nu'erjiada Canyon,5066946,56808697,43.8119367494962,87.0006897253439,峡谷,,0.0,0,0.0,0,https://youimg1.c-ctrip.com/target/010181200092loj8z9857.jpg
红河谷漂流,,5717228,130258286,43.54372101246197,87.00958825791565,,,0.0,0,5.0,1,https://youimg1.c-ctrip.com/target/0105s120008whdn547124.png
中国牡丹六师共青团田园综合体,Chinese Peony Sixth Division Communist Youth League Pastoral Complex,5708890,85452136,44.2761914866461,87.47427494279916,植物园,牡丹主题公园,0.0,0,0.0,0,https://youimg1.c-ctrip.com/target/100e1g000001h9nx371C6.jpg
王母桃园,,5633391,71528676,44.165538,88.055287,采摘,,0.0,0,0.0,0,https://youimg1.c-ctrip.com/target/10021900000168xn919C0.jpg
哈熊沟,,133527964,133527964,43.945808,88.290388,自然风光,,0.0,0,0.0,0,https://youimg1.c-ctrip.com/target/fd/tg/g4/M09/50/11/CggYHlXkKmmAD-QXAAAz-7Q9pbY083.jpg
白杨河西沟达坂,,5715805,123668323,43.81132173375933,88.32843394410486,雪山,,0.0,0,0.0,0,https://youimg1.c-ctrip.com/target/fd/tg/g1/M06/FC/24/CghzflW7H_iATdynAAA-FlXAIeA738.jpg
都市胡杨林风景区,,131904868,131904868,44.27402201046308,87.2557294981872,自然风光,,0.0,0,0.0,0,https://youimg1.c-ctrip.com/target/fd/tg/g4/M09/50/11/CggYHlXkKmmAD-QXAAAz-7Q9pbY083.jpg
唐朝丝路驿站,,5718649,130899214,44.34328562515249,87.76213950464552,古迹,,0.0,0,0.0,0,https://youimg1.c-ctrip.com/target/0102q12000990446aBD1B.jpg
索尔巴斯陶,,69334275,69334275,43.492215,86.865754,景点|城市地标,,0.0,0,2.5,5,https://youimg1.c-ctrip.com/target/01008120009e2ypnmE2C7.jpg
梧桐沟沙漠公园,Wutonggoushamo Park,5143074,58277930,44.46109935010557,87.85760126895396,沙漠戈壁,,0.0,0,0.0,0,https://youimg1.c-ctrip.com/target/100m180000014580bD0CB.jpg
新疆东道海子沙漠风光旅游区,,5719799,130895538,44.52744343095578,87.57044133039676,湖泊|沙漠戈壁,,0.0,0,5.0,5,https://youimg1.c-ctrip.com/target/01A2q1200093eioo4335E.jpg
古尔班通古特沙漠,Gurbantunggut Desert,134439,96326,44.682461,87.514425,沙漠戈壁,适合观光旅游、探险穿越,0.0,0,4.4,34,https://youimg1.c-ctrip.com/target/0106w1200086lrduiC405.jpg
呼图壁公园,,133527942,133527942,44.19514487779435,86.87951342782843,广场|公园乐园,,0.0,0,0.0,0,https://youimg1.c-ctrip.com/target/fd/tg/g4/M04/50/37/CggYHFXkKmqAKBbpAAA_gurpfsg352.jpg
盘吉尔怪石林,Panji’er Strange Stone Forest,51973,84221,43.129387,88.199831,地质地貌,,0.0,0,4.2,12,https://youimg1.c-ctrip.com/target/100j0z000000npmuq5057.jpg
玛纳斯河大峡谷,Manas River Grand Canyon,1832398,24651590,44.213709909702,86.401977539062,峡谷,拥有颜色丰富的各种植被,0.0,0,4.6,25,https://youimg1.c-ctrip.com/target/1A0e190000015qsp1CA0A.jpg
白杨河魔鬼城,Baiyanghe Ghost Castle,4470561,50614931,43.21242085382255,88.49156979451708,地质地貌,,0.0,0,0.0,0,https://youimg1.c-ctrip.com/target/01048120008aafq3p2659.jpg
吉木萨尔县野马场,Jimsar County Wild Horse Farm,133988,95916,44.20326232910156,88.7642593383789,,,0.0,0,4.1,8,https://youimg1.c-ctrip.com/target/tg/670/456/346/ea0daf3ba54c40d09314dbf5724583e1.jpg
康家石门子岩画,Kangjia Shimen Ziyanhua,134012,95937,43.840092,86.32094,古迹,,0.0,0,4.1,20,https://youimg1.c-ctrip.com/target/10011f000001ge7e76C0C.jpg
普氏野马,Platts Wild Horse,70554,10795501,44.20552,88.747971,动物园,,0.0,0,5.0,4,https://youimg1.c-ctrip.com/target/0100e120009e37qlkBEE5.jpg
S101百里丹霞观景台,,133563250,133563250,43.82145568634874,86.43366175584235,观景台,,0.0,0,0.0,0,https://youimg1.c-ctrip.com/target/0105t120009hbxtg25C86.png
托克逊雅丹地貌,Toksun Yadan Landform,44696,82160,43.015661785758724,88.41855966158505,地质地貌,素有东疆“魔鬼城”之称,0.0,0,4.2,19,https://youimg1.c-ctrip.com/target/100e1f000001gt2ls999C.jpg
乐土驿镇驿站历史文化陈列馆,,3794941,39616380,44.197383,86.464785,展览馆,,0.0,0,0.0,0,https://youimg1.c-ctrip.com/target/0100h1200098fskmyC0CF.png
桃花源度假村,Taohuayuan Resort,4569186,51288852,44.262261749157,86.2986888122447,度假村,,0.0,0,4.0,2,https://youimg1.c-ctrip.com/target/0103u120008ov39kfAB69.png
吉木萨尔千佛洞,Thousand-Buddha Cave,144754,10520685,43.979814326132555,89.12412305113503,寺庙|古迹,,0.0,0,4.1,20,https://youimg1.c-ctrip.com/target/01A1t12000827f0hr0E2B.jpg
野狼谷,Wild Wolf Valley of Jimshaer County,69577542,69577542,43.723356,89.09069,动物园|地质地貌,,0.0,0,1.0,1,https://youimg1.c-ctrip.com/target/0103c1200095i1b2h94C8.png
车师古道,Cheshi Trail,5143087,58277943,43.985622,89.10886,古道,,0.0,0,4.0,6,https://youimg1.c-ctrip.com/target/100f190000017ty8q56E4.jpg
天山红河谷景区,Tianshan Honghegu Sceneic Area,69573875,69573875,42.953315,88.479962,山岳,,0.0,0,5.0,4,https://youimg1.c-ctrip.com/target/0101b120009filt30615A.jpg
百花谷,,5712680,97846359,43.73813612659491,89.12088524306277,花海,,0.0,0,5.0,3,https://youimg1.c-ctrip.com/target/01A4y120008ewx1ygD597.jpg
吉木萨尔地质公园,Jimsar Geological Park,1996596,30557607,43.994907164231826,89.16205511763006,城市公园,,0.0,0,3.8,13,https://youimg1.c-ctrip.com/target/100p0b0000005s1325A7A.jpg
凤鸣湖生态园,,2594265,38404304,44.29327751124218,86.21634015211471,湖泊|城市公园,,0.0,0,4.7,4,https://youimg1.c-ctrip.com/target/010151200085bifbf0388.jpg
绿湖,,5715781,123573192,43.16280959599487,86.43917051986864,湖泊,,0.0,0,0.0,0,https://youimg1.c-ctrip.com/target/fd/tg/g1/M02/AE/86/CghzfVW7H_2AfYXiAAA0yMVsNrk713.jpg
玫瑰香缇3D画展,Rose Toon 3D Art Exhibition,1488436,18064881,43.98787373188271,89.16729119322598,视觉艺术馆,,0.0,0,5.0,3,https://youimg1.c-ctrip.com/target/10080m000000dxto7DA99.jpg
新疆张裕巴保男爵酒庄,Chateau Changyu Baron Balboa,1835932,24681523,44.2522200386032,86.05307302557502,酒庄酒厂,建筑设计具有法国古典风格,0.0,0,4.5,69,https://youimg1.c-ctrip.com/target/10060r000000hd5th0C61.jpg
葡萄酒公园,,131896467,131896467,44.28509,86.209595,公园乐园,,0.0,0,0.0,0,https://youimg1.c-ctrip.com/target/fd/tg/g4/M04/50/37/CggYHFXkKmqAKBbpAAA_gurpfsg352.jpg
高昌回鹘王室佛寺遗址,Gaochang Huihu Royal Buddha Temple Site,134008,95933,44.09705039369046,89.188560275586,古迹,,0.0,0,3.6,13,https://youimg1.c-ctrip.com/target/01009120008ovhh5r38AD.png
漠河风情园,,4578384,51597030,44.3196437808217,86.2242548778921,度假村,,0.0,0,0.0,0,https://youimg1.c-ctrip.com/target/100b0j000000awugv7A41.jpg
玛纳斯河,Manasihe,1832456,24651589,44.31992155997292,86.13999275556475,河流,,0.0,0,4.8,13,https://youimg1.c-ctrip.com/target/0100m120008ijejx04F64.jpg
大佛寺,Dafo Temple,4578479,51603371,44.27963091332713,86.14287641346515,寺庙|古迹,,0.0,0,4.0,3,https://youimg1.c-ctrip.com/target/10030u000000ium01ECB6.jpg
石河子大学,Shihezi University,48377,82617,44.303836606495786,86.05824815114003,学府,冬季银装素裹，分外妖娆,0.0,0,4.7,114,https://youimg1.c-ctrip.com/target/100b15000000y5c07DDAB.jpg
军垦第一连,The first army reclamation company,48392,82621,44.19972229003906,86.07530212402344,历史建筑,,0.0,0,4.4,7,https://youimg1.c-ctrip.com/target/tg/612/709/287/e8b6855597914003b326da1ed0a87237.jpg
北庭园,,131904867,131904867,43.996455405824584,89.17173661504,公园乐园,,0.0,0,0.0,0,https://youimg1.c-ctrip.com/target/fd/tg/g4/M04/50/37/CggYHFXkKmqAKBbpAAA_gurpfsg352.jpg
北庭故城遗址,Beiting Old City,5143086,58277942,44.09695225245321,89.18833074771378,古迹,,0.0,0,1.0,1,https://youimg1.c-ctrip.com/target/100l190000015kqtr5CF9.jpg
北庭都护府遗址,Beitingdou Hufu Ruins,1713177,22865706,44.09891327536539,89.20975863148351,古迹,,0.0,0,4.7,7,https://youimg1.c-ctrip.com/target/0103h1200095loap28C65.png
军垦第一连滑雪场,,4274352,44768656,44.198508,86.074725,户外滑雪,,0.0,0,5.0,3,https://youimg1.c-ctrip.com/target/10070n000000ez4a996BD.jpg
石河子市政广场,Shihezi Shizheng Square,1833601,24652751,44.305191030933344,86.07998095733129,广场,,0.0,0,4.9,27,https://youimg1.c-ctrip.com/target/fd/tg/g6/M0A/E1/F3/CggYtFbS2E6AUo7JAAJK9rdiAeg698.jpg
兵团军垦博物馆,Xinjiang Corps Army Reclamation Museum,48365,82611,44.302075,86.039895,博物馆,了解生产建设兵团历史沿革,0.0,0,4.6,272,https://youimg1.c-ctrip.com/target/10061f000001gqukoB43E.jpg
肯斯瓦特水库,Ken Swart Reservoir,5073287,56810038,43.943184,85.9737,水利工程,,0.0,0,0.0,0,https://youimg1.c-ctrip.com/target/1A091800000142dd269CE.jpg
石河子将军山滑雪场,Shihezi Jiangjun Mountain Ski Field,5705560,79459342,44.19764246078027,86.0875018280086,户外滑雪,,0.0,0,0.0,0,https://youimg1.c-ctrip.com/target/10070n000000ez4a996BD.jpg
迷途石河子旗舰店,,69633,10794580,44.306459,86.075888,游乐游艺,,0.0,0,4.7,12,https://youimg1.c-ctrip.com/target/fd/tg/g3/M09/30/29/CggYGlZuc4eAXykcAATQ1ogh5U4981.jpg
吉木萨尔县北庭西大寺遗址博物馆,Jimusa'erxian Beitingxida Temple Ruins Museum,5702906,79436543,44.097050393690466,89.188560275586,博物馆,,0.0,0,0.0,0,https://youimg1.c-ctrip.com/target/0106812000961wqdrA786.png
世纪公园,Shiji Park,3143752,38959191,44.30234996583914,86.07951665694314,城市公园,,0.0,0,5.0,6,https://youimg1.c-ctrip.com/target/0102x1200062oo3rlD29D.jpg
巴音山庄,Bayin Villa,48356,82605,44.275262790564,86.04938865592504,户外滑雪|漂流,,0.0,0,4.5,19,https://youimg1.c-ctrip.com/target/fd/tg/g1/M06/AF/64/CghzfFW7IBOAGUvvAAA3NwfJcUU967.jpg
王震将军雕像,Wang Zhen Statue,48352,82601,44.30066,86.03923,雕塑雕像,,0.0,0,4.5,48,https://youimg1.c-ctrip.com/target/100k1f000001guh57F2DB.jpg
艾青诗歌馆,Aiqing Shigeguan,48347,82600,44.29760493400042,86.03817226282943,纪念馆,,0.0,0,4.5,30,https://youimg1.c-ctrip.com/target/100c080000003jzgy66D6.jpg
河源峰,,5715793,123573214,43.4318404849404,86.07736918446763,山岳,,0.0,0,0.0,0,https://youimg1.c-ctrip.com/target/fd/tg/g2/M0B/C4/B0/CghzgVW7H_uAYZlqAAAxbqRlqeE036.jpg
音乐喷泉,,48364,82610,44.30052184749386,86.03965010946854,喷泉,,0.0,0,4.7,30,https://youimg1.c-ctrip.com/target/0106l120008js1jns9D36.jpg
边塞新乐章,,48370,82613,44.300548104914824,86.04110396057466,雕塑雕像,,0.0,0,4.4,13,https://youimg1.c-ctrip.com/target/100b0g0000008kldw917F.jpg
石河子图书馆,Shihezi Library,3262999,39079638,44.30307685737457,86.04053574406824,,,0.0,0,5.0,14,https://youimg1.c-ctrip.com/target/100a1f000001g7qrc04A5.jpg
军垦第一井,First Well of Army Reclamation,48360,82607,44.30063301968185,86.03923896147025,纪念碑,,0.0,0,4.4,13,https://youimg1.c-ctrip.com/target/100c12000000sy7mp8E51.jpg
人民公园,ren min gong yuan,48355,82604,44.30133819580078,86.02218627929688,城市公园,,0.0,0,4.7,44,https://youimg1.c-ctrip.com/target/100h0b000000580oo5B42.jpg
玛纳斯国家湿地公园,,131896458,131896458,44.423193,86.172896,4A景区|公园乐园,,0.0,0,0.0,0,https://youimg1.c-ctrip.com/target/fd/tg/g4/M04/50/37/CggYHFXkKmqAKBbpAAA_gurpfsg352.jpg
克尔碱旅游区,Keerjian Tourist Area,1713231,22865728,42.832961041932194,88.61517010892236,地质地貌,,0.0,0,4.4,9,https://youimg1.c-ctrip.com/target/01033120009egrkpoC3B8.jpg
军垦第一犁,Junken First Plow,48361,82608,44.300633018435235,86.03924096210903,雕塑雕像,,0.0,0,4.3,22,https://youimg1.c-ctrip.com/target/0100612000961sqi3B456.png
托克逊杏花园,Tuokexunxing Garden,5552392,62425313,42.825708071939495,88.61844129169769,花海,拍摄美景的好地方,0.0,0,5.0,14,https://youimg1.c-ctrip.com/target/100j1800000146sx8BA65.jpg
五彩湾古海温泉,Wucaiwan Ancient Sea Hot Spring,129702,93907,44.761721017778285,88.82568064402892,泡温泉,,0.0,0,4.3,173,https://youimg1.c-ctrip.com/target/100419000001683467C2D.jpg
石河子卧龙山滑雪场,Shihezi Wolong Mountain Ski Field,5705545,79459360,44.210940854499924,86.02452201654103,户外滑雪,,0.0,0,0.0,0,https://youimg1.c-ctrip.com/target/fd/tg/g1/M06/AF/64/CghzfFW7IBOAGUvvAAA3NwfJcUU967.jpg
景观河,,131149065,131149065,44.295396,86.064352,自然风光,,0.0,0,0.0,0,https://youimg1.c-ctrip.com/target/fd/tg/g4/M09/50/11/CggYHlXkKmmAD-QXAAAz-7Q9pbY083.jpg
周恩来总理纪念碑,Zhou En'lai Monument Hall,48358,82606,44.338116473382556,86.01952360041318,纪念碑,,0.0,0,4.4,30,https://youimg1.c-ctrip.com/target/fd/tg/g3/M07/43/70/CggYGVYF1IuAXQxAAAEoLbI75Uk795.jpg
幸福路步行街,,5718797,130905506,44.30973473294359,86.03995114405961,特色街区,,0.0,0,0.0,0,https://youimg1.c-ctrip.com/target/01A1e12000943z9y182A8.jpg
克尔碱岩画和水系图,Keerjian Rock Paintings and Drainage Maps,44308,82159,42.793888092041016,88.64181518554688,古迹,,0.0,0,4.1,14,https://youimg1.c-ctrip.com/target/tg/657/722/258/1bc36460dafd40a394fb23c904bcb79f.jpg
白杨河公园,Baiyanghe Park,4580172,51601475,42.79770218261061,88.64643359789301,城市公园,,0.0,0,5.0,4,https://youimg1.c-ctrip.com/target/100s15000000yvihh1825.jpg
观音沟,"Guanyingou Scenic Area, Mahe Canyon",5066799,56808550,43.935376194452104,85.87573860148972,峡谷,,0.0,0,0.0,0,https://youimg1.c-ctrip.com/target/100i0z000000nkxmoFA5B.jpg
火云谷景区,Huoyungu Sceneic Area,4995356,56216168,43.182122,89.161143,地质地貌,,0.0,0,4.5,7,https://youimg1.c-ctrip.com/target/10041f000001gp9yd6748.jpg
北湖公园,Beihu Park,48344,82598,44.44553806691751,85.98825997600709,湖泊,湖面宽广，碧波荡漾,0.0,0,4.2,52,https://youimg1.c-ctrip.com/target/100d18000001489mb7D06.jpg
大泉沟水库,Daquangou Reservoir,5069113,56807791,44.437973979608714,85.99616947601487,水利工程,,0.0,0,3.7,3,https://youimg1.c-ctrip.com/target/100711000000qyhcs42C3.jpg
神牛谷旅游景区,,133941568,133941568,42.96561188770971,88.99268391336054,地质地貌,假日避暑,0.0,0,5.0,4,https://youimg1.c-ctrip.com/target/01002120009e4f4htED93.jpg
那拉提旅游风景区,Nalati Scenic Area,4783,76505,43.31950395623286,84.02634629659545,草原|5A景区,河谷、山峰、深峡交相辉映,0.0,0,4.5,2869,https://youimg1.c-ctrip.com/target/35081800000156fwk00BA.jpg
世界魔鬼城,Ghost City in Wuerhe,60742,86384,46.13061651327029,85.74747495484962,5A景区|地质地貌,,0.0,0,4.4,2500,https://youimg1.c-ctrip.com/target/0104k1200086jufsv4C69.jpg
卡拉麦里自然保护区,Kalamaili Nature Reserve,27033,82077,44.80864479528958,88.89036260828989,自然保护区,,0.0,0,4.5,27,https://youimg1.c-ctrip.com/target/10031f000001gryad6E81.jpg
库木塔格沙漠,Kumtag Desert,44305,82156,42.690854,90.247693,4A景区|沙漠戈壁,景色多样壮观的流动型沙漠,0.0,0,4.6,1401,https://youimg1.c-ctrip.com/target/100v12000000sou5667F8.jpg
火焰山景区,Flaming Mountains,4665,76486,42.918970256526976,89.51478196279345,4A景区|地质地貌,《西游记》火焰山的原型地,0.0,0,4.1,1529,https://youimg1.c-ctrip.com/target/fd/tg/g3/M08/2F/F5/CggYGlYl_-qAMVq-ABVc_5RfYBY556.jpg
葡萄沟,Grape Valley,4674,76490,43.000349,89.243943,峡谷|5A景区,以出产葡萄而闻名的峡谷,0.0,0,4.1,1465,https://youimg1.c-ctrip.com/target/0102t120009ed1msl8AD9.jpg
巴音布鲁克草原,Bayanbulak Grassland,56618,85855,43.027615,84.134342,草原|国家公园|5A景区,欣赏美丽的天鹅湖,0.0,0,4.6,794,https://youimg1.c-ctrip.com/target/01052120008a6gf1416D6.jpg
江布拉克,Jiangbulak,129707,93909,43.6482258662691,89.72597305790035,湖泊|4A景区|草原,,0.0,0,4.6,478,https://youimg1.c-ctrip.com/target/350t15000000ykpzjA0E8.jpg
交河故城,Yarkhoto Ruins,4667,76488,42.953817,89.065559,古迹,始于公元前2世纪的古城,0.0,0,4.5,797,https://youimg1.c-ctrip.com/target/01074120009ecxz2uC4EB.jpg
坎儿井民俗园,Kan'erjing Folk Custom Park,4666,76487,42.952458,89.14492,4A景区|文化旅游区,了解维吾尔族的古老智慧,0.0,0,4.1,693,https://youimg1.c-ctrip.com/target/0102x120009ed14m1341D.jpg
独库公路,Duku Highway,1713226,22865725,43.66212049277392,84.40319357188811,公路道路,全长约561公里,0.0,0,4.8,855,https://youimg1.c-ctrip.com/target/100a1f000001grn4g8157.jpg
孔雀河,Kongque River,133418,95371,41.83638620428847,86.26258106467725,河流,穿城而过，市民休闲胜地,0.0,0,4.7,432,https://youimg1.c-ctrip.com/target/0103y120009czlsomFDA5.jpg
独山子大峡谷,Dushanzida Canyon,4580081,51600680,44.155718,84.759525,峡谷|4A景区,既有悬崖陡峭又有荒漠草原,0.0,0,4.4,435,https://youimg1.c-ctrip.com/target/0101p1200088azxcd05DB.jpg
博斯腾湖,Bositeng Lake,15633,79205,41.8366984292241,86.72510003974936,湖泊|国家公园|5A景区|湿地,欣赏湿地和海滨美景,0.0,0,4.3,296,https://youimg1.c-ctrip.com/target/0100p12000874qcez223A.jpg
铁门关,Tiemenguan Pass,18284,10758232,41.821037,86.204045,古迹|河流,,0.0,0,4.1,184,https://youimg1.c-ctrip.com/target/0106f120009cwc996E3C7.jpg
克拉玛依油田,Karamay Oil Field,144748,10520679,45.615699,84.89302,山岳|地质地貌,大量生油层，石油资源丰富,0.0,0,4.7,204,https://youimg1.c-ctrip.com/target/100i0z000000nilnr5DD4.jpg
黑油山,Heiyou Mountain,60688,86351,45.61601637517879,84.89256804615826,地质地貌|其它,整个山丘成黑色,0.0,0,4.1,237,https://youimg1.c-ctrip.com/target/100g12000000s882d13CC.jpg
巴音布鲁克天鹅湖,Bayanbulak Swan Lake,15563,79199,43.01280769931117,84.13523811324917,湖泊,摄影爱好者的天堂,0.0,0,4.5,213,https://youimg1.c-ctrip.com/target/1A0c1e000001fio088DAE.jpg
那拉提国家森林公园,Nalati National Forest Park,134217,96119,43.29179904148055,84.22914467988852,森林,园内野生动植物种类繁多,0.0,0,4.6,182,https://youimg1.c-ctrip.com/target/100p0z000000nxkfz2EE4.jpg
柏孜克里克千佛洞,Bezeklik Thousand Buddha Caves,4664,76485,42.957311,89.542112,石窟|古迹,始凿于南北朝后期,0.0,0,4.1,161,https://youimg1.c-ctrip.com/target/100d1f000001goqu87BEC.jpg
库尔勒莲花湖,Lotus Lake of Korla,133419,95372,41.813532301340224,86.36804631157563,湖泊|3A景区,因盛产莲花而得名,0.0,0,4.1,89,https://youimg1.c-ctrip.com/target/100d1f000001gosim6D02.jpg
巴州博物馆,Bazhou Museum,1829454,24648630,41.733479,86.176714,4A景区|博物馆,展厅面积为三百多平米,0.0,0,4.4,69,https://youimg1.c-ctrip.com/target/100d1b000001b2q6r2920.jpg
九曲十八弯,Nine Curves and Eighteen Rurns,1713153,22865721,42.76563281837337,84.42774210389096,河流,欣赏绚丽多姿的晚霞,0.0,0,4.8,90,https://youimg1.c-ctrip.com/target/1A0b11000000rcq2zFF90.jpg
安集海大峡谷,Anjihai Grand Canyon,1727838,22880357,44.10058421724418,85.08994989675027,峡谷,有红山、黛崖、碧水等景观,0.0,0,4.3,211,https://youimg1.c-ctrip.com/target/100o1f000001gp2piAAEA.jpg
吐峪沟麻扎村,Tuyugou Mazha Village,44307,82158,42.85662841796875,89.69288635253906,古村,中国传统村落,0.0,0,4.3,127,https://youimg1.c-ctrip.com/target/100a1f000001grm7j039E.jpg
石河子南山风景区,Shihezinan Mountain Sceneic Area,1833460,24652750,43.85396173074418,85.67807449822915,山岳,具有浓郁的哈萨克民族风情,0.0,0,4.8,30,https://youimg1.c-ctrip.com/target/01009120009dhejaq8097.jpg
龙山公园,Longshan Park,1832306,24651424,41.767031,86.192528,山岳,登山顶可纵览梨城全貌,0.0,0,4.4,33,https://youimg1.c-ctrip.com/target/350r1a00000190lrlAF2F.jpg
鹿角湾旅游风景区,Antler Bay Ranch,61042,86558,43.98003776874122,85.15786100200965,4A景区,清泉流水、绿草茵茵,0.0,0,4.5,42,https://youimg1.c-ctrip.com/target/0103i120008a62k7vB2B5.jpg
克一号井景区,Big oil Bubble Sculpture,4011209,39834748,45.56989145604256,84.91576931749658,现代建筑,克拉玛依的特色建筑,0.0,0,4.5,49,https://youimg1.c-ctrip.com/target/1A0r14000000wjpt7A4DD.jpg
库尔勒体育公园,Ku'erlei Tiyu Park,5611359,70030320,41.659619809278524,86.17096972180927,城市公园,城中草原,0.0,0,4.1,22,https://youimg1.c-ctrip.com/target/01061120008kro6u88559.jpg
罗布泊雅丹大峡谷,Luobupo Yadan Grand Canyon,1832381,24651511,41.51402264338415,86.43066225163122,峡谷,非常典型的雅丹地貌,0.0,0,3.6,35,https://youimg1.c-ctrip.com/target/0104d120008iiwgshF4EA.jpg
天鹅河景区,Swan River Scenic Area,5072561,56809312,41.72523470501421,86.17952520094855,4A景区|河流,水域辽阔，天鹅过冬的地方,0.0,0,4.6,18,https://youimg1.c-ctrip.com/target/0105d120009cu2wa9E431.jpg
百里画廊(唐布拉),Baili Painting (Dangbra),4730345,55251158,43.71866163207763,83.92010034409243,草原,山地河谷组成的美丽草原 ,0.0,0,4.8,43,https://youimg1.c-ctrip.com/target/01064120009d16iabF533.jpg
坎儿井乐园,,2018200,30810092,42.981497493056565,89.13046294867226,4A景区|古迹|沙漠戈壁,参观古代有名的水利奇观,0.0,0,4.4,211,https://youimg1.c-ctrip.com/target/100v1f000001h1dqe7D50.jpg
大自然滑雪场,Daziran Ski Field,4274351,44768650,44.217754,85.829972,户外滑雪,高空索道落差达203米,0.0,0,4.0,1,https://youimg1.c-ctrip.com/target/10070n000000ez4a996BD.jpg
高昌故城,Ancient City of Gaochang,4661,76482,42.859294,89.532386,古城古镇|古迹|世界文化遗产,曾是高昌王国的都城,0.0,0,4.3,190,https://youimg1.c-ctrip.com/target/0104z1200086wlkqb2975.jpg
苏公塔,Su Gong Ta,4662,76483,42.93608571300034,89.20587565904489,古塔,造型新颖别致的伊斯兰教塔,0.0,0,3.9,160,https://youimg1.c-ctrip.com/target/fd/tg/g4/M0A/47/3F/CggYHlYmCHGAOcrrAAkgFTln-OQ278.jpg
吐鲁番博物馆,Turpan Museum,44304,82155,42.94289778932504,89.19122088857306,4A景区|博物馆,藏品主要为丝绸之路遗存,0.0,0,4.5,143,https://youimg1.c-ctrip.com/target/10020z000000nqpj80B6F.jpg
五彩城,Colorful city,133982,95910,45.151997362459156,88.97472763008078,山岳|地质地貌,戈壁里五彩缤纷的连绵山丘,0.0,0,4.2,132,https://youimg1.c-ctrip.com/target/01073120009dwknmeAA4B.jpg
吐鲁番火焰山大景区,Turpan Flame Mountain Scenic Area,4357363,49212059,42.91901027789277,89.51477897747571,火山|地质地貌,观赏《西游记》中的火焰山,0.0,0,4.2,137,https://youimg1.c-ctrip.com/target/100t1f000001gqa1w1620.jpg
九龙潭,Jiulong Pond,60693,86356,45.611923,84.91395,瀑布,克拉玛依河的源头所在地,0.0,0,4.4,104,https://youimg1.c-ctrip.com/target/1A0812000000tatfuE613.jpg
巩乃斯草原,Gongnaisi Grassland,1713178,22865716,43.32610118135722,83.97587850950265,草原,四季景色俱佳,0.0,0,4.9,88,https://youimg1.c-ctrip.com/target/0104h1200080y4zpj5042.jpg
坎儿井博物馆,Turpan Kan'erjing Museum,129650,93881,42.95277058028974,89.14862872442062,博物馆,了解坎儿井的结构和功能,0.0,0,4.1,87,https://youimg1.c-ctrip.com/target/100i1f000001gp3cr4FC6.jpg
巩乃斯林场,Gongnaisi Forest Farm,15715,79210,43.242748621615846,84.6553237886017,草原,大自然的宝库，四季皆景,0.0,0,4.8,82,https://youimg1.c-ctrip.com/target/01034120008jl4fx845DF.jpg
乌尔禾胡杨林,Wuerhu Huyang Forest,1834338,24653522,46.012345324745226,85.5486823778176,森林,生长在沙漠中的树种,0.0,0,4.5,97,https://youimg1.c-ctrip.com/target/1A021e000001foek3402D.jpg
艾丁湖,Eding l.,4668,76489,42.66912236875576,89.25702908883058,湖泊,内陆咸水湖,0.0,0,4.0,79,https://youimg1.c-ctrip.com/target/01033120009ec6b6i3438.jpg
吐鲁番坎儿井地下水利工程,Turpan Kariz underground water system,4806908,55851716,42.981447572850534,89.1304579352509,水利工程,了解坎儿井工程,0.0,0,2.5,2,https://youimg1.c-ctrip.com/target/100o0u000000j1qgv1585.jpg
吐峪沟大峡谷,Tuyugou Grand Canyon,134360,96251,42.85752395898391,89.69481271061404,峡谷,怪石磷峋、沟谷纵横,0.0,0,4.4,73,https://youimg1.c-ctrip.com/target/100l1f000001gqhm15F3B.jpg
交河古村,Jiaohe Ancient Village,57548,86199,42.94684870034554,89.08023643902494,古村,展现维族风土人情,0.0,0,4.4,68,https://youimg1.c-ctrip.com/target/0103r120009ecxspb63B3.jpg
泥火山,Mud Volcano,60740,86382,44.30281066894531,84.84501647949219,火山|地质地貌,由泥浆形成，至今仍在喷发,0.0,0,4.3,71,https://youimg1.c-ctrip.com/target/010241200085vfwkzAB33.jpg
驼铃梦坡沙漠生态旅游景区,Camel Bell Dream Slope Desert Eco-Tourism Area,129632,10544941,45.094023,85.999464,沙漠戈壁,滑沙、骑骆驼、赏沙漠风光,0.0,0,4.3,64,https://youimg1.c-ctrip.com/target/fd/tg/g4/M00/96/42/CggYHFZ4dC-ACIzFAAIYVhRrEdo792.jpg
交河驿·坎儿井源,Jiaohe Post Scenic Area—Source of Karez,4364353,49213933,42.99618,89.12303,古迹,亲身体验古老的水利工程,0.0,0,4.2,63,https://youimg1.c-ctrip.com/target/100p1f000001gpetb2013.jpg
郡王府,Turpan Prince Jun Hotel,44303,82154,42.937066112545224,89.20911111102318,历史建筑,维吾尔族建筑风格,0.0,0,4.3,58,https://youimg1.c-ctrip.com/target/10031f000001gs18jB6F3.jpg
独山子,Dushanzi District,1727710,22880271,44.328096,84.88697400000001,峡谷,大部分地区为戈壁滩,0.0,0,4.6,82,https://youimg1.c-ctrip.com/target/0104y120009d1kz8c27EB.jpg
桃源旅游区,Taoyuan Tourist Area,1417851,13605911,44.2457998366692,85.82853471692916,农家乐,感受特色的哈萨克风情,0.0,0,4.3,48,https://youimg1.c-ctrip.com/target/100c13000000tvvooF3BC.jpg
金沙滩旅游度假区,Golden Sands Beach Hawaii Resort,1414081,13505964,42.055239950802594,87.15921951001448,沙滩|4A景区,,0.0,0,4.2,54,https://youimg1.c-ctrip.com/target/0104l120008iuibgiA36B.jpg
奇台魔鬼城,Qitai Devil City,133974,95902,44.99597066667422,89.79614785617566,地质地貌|沙漠戈壁,岩石造型栩栩如生,0.0,0,4.2,57,https://youimg1.c-ctrip.com/target/0105y120007ozd36158DF.jpg
石河子市143团万福寺,Shihezishi 143 Tuan Wanfu Temple,4568813,51289494,44.24213032305009,85.83661896917734,寺庙,,0.0,0,5.0,1,https://youimg1.c-ctrip.com/target/01A51120008a8yarb35FF.jpg
沙依东香梨园,Shayi Dongxiang Pear Picking Garden,16099,79249,41.734500885009766,86.03678894042969,采摘,香梨个小肉嫩、香甜多汁,0.0,0,4.3,45,https://youimg1.c-ctrip.com/target/tg/810/217/630/5ca96c1554e742c3b57c254bf46f1e0c.jpg
九莲泉,Jiulian Spring,61098,86599,44.41734136837576,84.73359222623904,泉,九泉排列似莲花，如绿宝石,0.0,0,4.5,37,https://youimg1.c-ctrip.com/target/1A0f180000013mcy106CC.jpg
花海那拉提,Flower Sea Nalat,5589391,67610566,43.31240716894359,84.14900175838905,农家乐,赏花观舞，体验趣味采摘,0.0,0,4.8,56,https://youimg1.c-ctrip.com/target/350g1600000104pn8BCFC.jpg
天赐圣泉度假酒店温泉,Tianci Shengquan Dujia Jiudian Hot Spring,5677363,77416435,43.886953859013126,85.4005744423056,泡温泉,,0.0,0,4.5,4,https://youimg1.c-ctrip.com/target/10091f000001gsma49B2E.jpg
海乐湾水上乐园,Haile Bay Water Park,4707342,53466154,44.327908,85.592903,水上乐园,,0.0,0,3.6,41,https://youimg1.c-ctrip.com/target/100n1f000001gpap52723.jpg
艾里克湖,Ai Likehu,60739,86381,45.94195518885293,85.80033497204528,湖泊,沙漠里的湖泊，水草丰茂,0.0,0,4.5,41,https://youimg1.c-ctrip.com/target/0106v1200096dj2nb55C5.jpg
巩乃斯景区班禅沟,Gongnaisi Scenic Area Banchangou,2497437,35597054,43.309224,84.530825,4A景区|森林,,0.0,0,4.8,38,https://youimg1.c-ctrip.com/target/100f1f000001gqb2z82C6.jpg
火烧山,Fire Mountain,133987,95915,44.8965301821838,89.0320882366779,山岳,神奇的赭红色山丘,0.0,0,4.1,35,https://youimg1.c-ctrip.com/target/10051f000001gsstz35BC.jpg
阿斯塔那古墓群,Astana Ancient Tombs,4663,76484,42.8826785775944,89.53155110563739,古迹|陵园,,0.0,0,4.3,32,https://youimg1.c-ctrip.com/target/0104t120009ec66ab0925.jpg
维吾尔古村,Uygur Ancient Village,4470560,50614930,42.94681875884792,89.08024043761469,古村,了解深厚的维吾尔历史文化,0.0,0,4.0,5,https://youimg1.c-ctrip.com/target/100s1f000001gx65zDDCB.jpg
巴音布鲁克国家级野生动物类型自然保护区,Bayanbulak National Level Wild Animals Type Nature Reserve,2524676,38333915,43.00313632933706,84.13462273357517,自然保护区,国内第一个天鹅自然保护区,0.0,0,4.7,33,https://youimg1.c-ctrip.com/target/0102d120008a6oj256522.jpg
河谷草原,Hegu Grassland,1713168,22865718,43.30257811300958,84.10699238820573,草原,,0.0,0,4.6,41,https://youimg1.c-ctrip.com/target/1A0w14000000vu2qkD31A.jpg
沙山公园,Sha Mountain Park,144756,10520687,42.844633695230314,90.21622751834377,沙漠戈壁,驰骋沙海，饱览大漠风光,0.0,0,4.8,28,https://youimg1.c-ctrip.com/target/0106o1200086szsrhC7BF.jpg
乔尔玛,Qiao'erma,1727809,22880361,43.661626,84.338121,草原|雪山,自然风貌非常丰富,0.0,0,4.8,44,https://youimg1.c-ctrip.com/target/0102v120009cye8vk3104.jpg
沙湾温泉旅游区,Shawan Hot Spring Tourist Area,61066,10758468,43.886352,85.399927,,风光旖旎、气候宜人,0.0,0,4.3,27,https://youimg1.c-ctrip.com/target/100l0v000000jzl50C98D.jpg
吐峪沟千佛洞,Tu Yugou Thousand Buddha Caves,134361,96252,42.85467616124645,89.69092490826301,洞穴|古迹,新疆三大佛教石窟之一,0.0,0,3.9,27,https://youimg1.c-ctrip.com/target/0105t120009dlbfxi10F0.jpg
加麦大清真寺,Jiamai Mosque,134442,96329,41.747065662463974,86.1444798043908,清真寺,地方特色建筑，挺拔宏伟,0.0,0,4.1,25,https://youimg1.c-ctrip.com/target/100b1f000001gsnxf2002.jpg
巩乃斯沟乡,Gongnaisigouxiang,1830639,24649841,43.267139619529544,84.54505021028301,山岳,,0.0,0,4.8,22,https://youimg1.c-ctrip.com/target/100615000000yaan0AD40.jpg
硅化木恐龙国家地质公园,Qitai Silicon Wood-Dinosaur National Geological Park,1713115,22865723,44.87133072908305,90.07582947176569,地质地貌,,0.0,0,3.4,26,https://youimg1.c-ctrip.com/target/0101i120008j92ex4CA32.jpg
乔尔玛革命烈士陵园,Joelma Revolutionary Martyrs Cemetery,1727654,22880362,43.65202,84.35884399999998,陵园,,0.0,0,4.7,24,https://youimg1.c-ctrip.com/target/10040z000000nlozj3DE1.jpg
大河口,Dahekou,4502539,50637910,41.90897538165014,86.73019843280728,湖泊,赏苇荡莲塘，感受民族风情,0.0,0,4.3,26,https://youimg1.c-ctrip.com/target/01A1y1200085zgrf8CF15.jpg
开都河,Kaidu River,5067908,56806589,42.931237744685525,84.12871776537223,河流,,0.0,0,4.9,21,https://youimg1.c-ctrip.com/target/01A041200006ndhqq3A96.jpg
克拉玛依友谊馆,Friendship Exhibition,1713211,22865700,45.600784,84.868004,历史建筑,,0.0,0,4.4,19,https://youimg1.c-ctrip.com/target/10011f000001h358sC3F7.jpg
尉犁县,,5589376,67610920,41.34400190944825,86.259602269735,小镇,,0.0,0,4.5,19,https://youimg1.c-ctrip.com/target/010191200092ln52w17C6.jpg
鄯善县城,Shanshan County,1833382,24652564,42.874810672105475,90.21530870537754,小镇,,0.0,0,4.3,22,https://youimg1.c-ctrip.com/target/0102d1200093ymd204E5C.jpg
迷途库尔勒旗舰店,,69634,10794581,41.76750736234393,86.14836431968966,密室,,0.0,0,4.3,16,https://youimg1.c-ctrip.com/target/010441200096fv15b4E24.png
万佛宫(大漠土艺馆),Desert Soil Art Museum,51972,84220,42.95686323233764,89.54244981065821,雕塑雕像|3A景区,伊斯兰风格建筑,0.0,0,3.5,23,https://youimg1.c-ctrip.com/target/100n19000001822dt628C.jpg
莲海世界,Lotus Sea World,1713184,22865727,41.76860565950614,86.52572387790647,湖泊,,0.0,0,4.1,18,https://youimg1.c-ctrip.com/target/0100u1200085y2xa834CD.jpg
荒漠绿洲生态园,Huangmolvzhou Ecological Park,1510346,18153640,45.50844885495453,84.97632044002471,度假村,,0.0,0,4.4,13,https://youimg1.c-ctrip.com/target/fd/tg/g1/M04/B1/A5/CghzfFWE4rSAZegaAAKMqOGkoRo339.jpg
阿尔夏和巩乃斯沟,A'erxia and Gongnaisi Ditch,4470498,50614868,43.267139619529544,84.54505021028301,山岳,,0.0,0,4.9,14,https://youimg1.c-ctrip.com/target/0102z120009hxxsgrC2C9.jpg
沙漠植物风情园,Desert Plants Garden Style,4675,76491,42.86085952401435,89.19428909246349,植物园,,0.0,0,3.9,20,https://youimg1.c-ctrip.com/target/0100r120009ed2cs4700D.jpg
巴音会堂,Bayin Hall,129579,93866,41.7675100744637,86.1602701757635,城市公园,,0.0,0,4.7,12,https://youimg1.c-ctrip.com/target/tg/585/867/856/0064697dfdf64d849cda95c51f9cdde7.jpg
巴仑台黄庙,Baluntai Temple,134444,96331,42.745821909205475,86.31149131855157,历史建筑|寺庙|4A景区,有小布达拉宫之称,0.0,0,4.5,26,https://youimg1.c-ctrip.com/target/10081f000001gqivqB8CD.jpg
克拉玛依阳光水世界,Karamay Sunshine Water World,1831770,24651001,45.57250840895894,84.8848103810432,创意园区,克拉玛依市的标志性建筑之一,0.0,0,4.4,15,https://youimg1.c-ctrip.com/target/0104m120008kcmo3s34FF.jpg
博斯腾湖沙漠主题公园滑雪场,Bosten Lake Desert Theme Park Ski Resort,3450082,39268421,41.822098,86.810524,户外滑雪,欣赏极具创意的冰雕作品,0.0,0,5.0,11,https://youimg1.c-ctrip.com/target/10081b000001a29uj1DD9.jpg
吐鲁番沙漠生态旅游区,Desert Ecological Tourist Zone of Turpan,1834187,24653352,42.941936,89.19411,沙漠戈壁,领略粗狂豪迈的大漠风情,0.0,0,3.4,5,https://youimg1.c-ctrip.com/target/100u0v000000jnbmzDB49.jpg
博格达沁故城,Bogedaqin Ancient City,15590,79202,41.96075164012421,86.49993912425805,古迹,位于盆地之中的古城遗址,0.0,0,3.6,17,https://youimg1.c-ctrip.com/target/0105h120009cwa9tq2BC2.jpg
将军楼,General Building,1831627,24650737,41.811162713685,86.194885125743,历史建筑,,0.0,0,3.5,13,https://youimg1.c-ctrip.com/target//100116000000zscbjCA8E.jpg
胡杨林水上乐园,Huyanglin Water Amusement Park,4730370,55416188,44.422042368855,84.73566600708725,水上乐园,胡杨文化主题，民族风情浓,0.0,0,4.4,13,https://youimg1.c-ctrip.com/target/100h0u000000j5b099500.jpg
芳香植物生态观光园,Aromatic Plant Ecological Sightseeing Garden,1713212,22865730,42.21638,87.17969,植物园,,0.0,0,4.5,10,https://youimg1.c-ctrip.com/target/0101t1200083rgo086F59.jpg
将军戈壁,General Gobi,133989,95917,44.78503,90.15568,沙漠戈壁,,0.0,0,4.4,17,https://youimg1.c-ctrip.com/target/0104w1200097ctyz3BC51.png
克拉玛依湖湿地,Kelamayi Wetlands,5143094,58277950,44.438661048094055,84.88579335765759,湖泊|湿地,,0.0,0,4.9,11,https://youimg1.c-ctrip.com/target/100s170000012fya8B66A.jpg
狮身人面像,Sphinx,5597374,68384910,46.128927924724856,85.73983977183251,地质地貌,,0.0,0,4.4,9,https://youimg1.c-ctrip.com/target/350m1700000112muj02DF.jpg
焉耆七个星千佛洞,Yanqi Seven Stars Thousand Buddha Caves,134443,96330,41.94382792813078,86.33586428646629,古迹,,0.0,0,3.6,15,https://youimg1.c-ctrip.com/target//100b16000000z25ie0EE7.jpg
克拉玛依机械厂文化创意产业园,Cultural and Creative Industrial Park on the Former Site of Karamay Machinery Factory,5588386,67628554,45.58977561487904,84.87572739421682,创意园区,,0.0,0,4.9,10,https://youimg1.c-ctrip.com/target/1A021c000001d1w3z8BFB.jpg
西部戈壁公园,Western Gebi Park,60743,86385,45.550952,84.834364,沙漠戈壁,,0.0,0,3.8,13,https://youimg1.c-ctrip.com/target/010551200095i8amu7F70.png
风帆广场,Fengfan Square,5365389,61440490,41.75805433442418,86.15081834845958,广场,,0.0,0,4.8,8,https://youimg1.c-ctrip.com/target/100f1f000001gqaokD782.jpg
人民广场,,5380359,61583290,41.763258,86.146438,广场,,0.0,0,4.9,9,https://youimg1.c-ctrip.com/target/100p14000000wfjqy46DA.jpg
吐鲁番盛典,Turpan Shengdian,142049,10548094,42.9425884110508,89.18377381376803,演出,,0.0,0,4.5,13,https://youimg1.c-ctrip.com/target/tg/705/000/064/4d578eb9815b4f2e9e0af088f7cf95a6.jpg
克拉玛依河,Kelamayi River,5143095,58277951,45.581654,84.87733,4A景区|河流,,0.0,0,4.8,21,https://youimg1.c-ctrip.com/target/0102m1200092m0gf9DC14.jpg
吐鲁番图书馆,Turpan Library,147080,10523021,42.97232963578301,89.20467302650935,,,0.0,0,4.2,12,https://youimg1.c-ctrip.com/target/tg/436/918/686/155f1211a5104b72a7f72167fe9d91d2.jpg
鸿雁广场,Hongyan Square,5055388,56778942,41.73407593164148,86.13109464510508,广场,,0.0,0,5.0,7,https://youimg1.c-ctrip.com/target/100h1d000001e7r99B350.jpg
孔雀海滩水乐园沙滩,Peacock Beach Waterpark Beach,4380346,49936296,41.82715221282515,86.75199709425094,水上乐园,项目丰富的水上运动乐园,0.0,0,4.3,11,https://youimg1.c-ctrip.com/target/100a1f000001grkx6EDCB.jpg
驼铃梦坡沙漠公园,Shihezikenqushamo Park,48345,82599,45.09401612003081,85.99934002643204,植物园,,0.0,0,4.2,11,https://youimg1.c-ctrip.com/target/0106q120008ioxuu5395C.jpg
楼兰酒庄,Loulan Winery,4238342,41201155,42.9054,90.296669,,新疆葡萄酒的一张名片,0.0,0,4.3,10,https://youimg1.c-ctrip.com/target/10071f000001h70k0851D.jpg
建设桥,,5379355,61580793,41.756306599768486,86.15072808230794,桥,,0.0,0,4.8,6,https://youimg1.c-ctrip.com/target/100a15000000x9vn3C449.jpg
克拉玛依奇石街,QiShi Jie,5164678,58304524,46.086136,85.696648,特色街区,,0.0,0,4.8,6,https://youimg1.c-ctrip.com/target//100o170000013ae481036.jpg
万佛山,Wanfo Mountain,129651,93882,42.919109266654495,89.5147880441799,山岳,,0.0,0,4.3,9,https://youimg1.c-ctrip.com/target/01003120009ed07ma40EF.jpg
尼牙孜庄园,Niyazi Manor,61229,86667,41.72674882952657,86.19615991120665,历史建筑,,0.0,0,3.2,9,https://youimg1.c-ctrip.com/target//100v16000000z8nxt3DEB.jpg
塔吾萨尼,Beautiful Valley,1833765,24653014,43.3086938199412,84.06117248996851,草原,,0.0,0,4.1,14,https://youimg1.c-ctrip.com/target/1A0414000000w31fp6887.jpg
迪坎尔村,Dikan'ercun,134367,96258,42.58091797691748,89.8905193416942,古村,,0.0,0,4.3,8,https://youimg1.c-ctrip.com/target/0103o120008oue2rl2C12.png
石城子古城,Shichengzi Ancient City,129708,93910,43.622903800608256,89.74501806394233,古迹,,0.0,0,3.5,8,https://youimg1.c-ctrip.com/target/tg/717/579/051/3b695d05e96d4177b1a3becd48ea9402.jpg
魔鬼夫妻,,5596380,68379134,46.129675,85.746798,地质地貌,,0.0,0,4.3,9,https://youimg1.c-ctrip.com/target/350q170000010uj2pF1F5.jpg
奎屯市饮食休闲一条街,KuiTunShi YinShi XiuXian YiTiao Jie,5164898,58304744,44.4282493591309,84.9138031005859,特色街区,品全国美味佳肴,0.0,0,4.4,8,https://youimg1.c-ctrip.com/target/01014120008zewd7v3EED.png
空中草原,Prairie Air,5072460,56809211,43.38533936497933,83.96216620153288,草原,,0.0,0,4.9,47,https://youimg1.c-ctrip.com/target/1A0o14000000w2xpbBD31.jpg
石刻突厥石人像,Tujue Stone Carved Portrait,61094,86596,45.6619873046875,84.84564208984375,雕塑雕像,,0.0,0,3.5,6,https://youimg1.c-ctrip.com/target/0106w1200091us6uz6386.png
鲁克沁镇,Lukeqinzhen,134366,96257,42.7479133605957,89.76052856445312,古城古镇,,0.0,0,3.3,7,https://youimg1.c-ctrip.com/target/0104k12000960f7j18881.png
台藏塔,Taizang Pagoda,44306,82157,42.87012799692145,89.52083948288333,古迹,,0.0,0,3.7,7,https://youimg1.c-ctrip.com/target/0106o120009ed2yscB806.png
新疆大漠土艺馆,Desert Soil Art Gallery,1830166,24649250,42.950191465062474,89.54691047758553,展览馆,,0.0,0,4.0,9,https://youimg1.c-ctrip.com/target/0102h1200084z259879AB.jpg
吐峪沟霍加木麻扎,Tuyugou Huojiamumazha,134362,96253,42.86273956298828,89.69528198242188,古迹|陵园,,0.0,0,4.2,7,https://youimg1.c-ctrip.com/target/100d0v000000jlvitEC34.jpg
奎克乌苏石林,Tianshan Stone Forest,134446,96333,42.49701034127107,85.71946805181375,地质地貌,,0.0,0,3.7,6,https://youimg1.c-ctrip.com/target/100l0e0000006z7wb5996.jpg
仪尔乡都酒堡,Xiangdu Wine Fort Eco-tourism Scenic Spot,2021751,31046634,42.01715464497408,86.27918375980289,,,0.0,0,3.8,6,https://youimg1.c-ctrip.com/target/100i11000000qun4i0E08.jpg
巩乃斯森林公园,Gongnaisi Forest Park,5143081,58277937,42.32109,86.369,森林,,0.0,0,5.0,4,https://youimg1.c-ctrip.com/target/0101g1200089zarvd93B3.jpg
恐龙沟,kong long gou,129705,93908,44.848407696832226,90.03116608738938,国家公园|地质地貌,,0.0,0,4.0,5,https://youimg1.c-ctrip.com/target/tg/942/510/763/997bf75d58a34496b9e3886a661bdadc.jpg
佛山公园待甫僧景区,Fushan Park Daifuseng Area,2504035,36226772,44.130058,84.55438,森林|雪山,神秘巨大的天然雪山大佛,0.0,0,4.2,7,https://youimg1.c-ctrip.com/target//100t1600000107u1tAC29.jpg
帝锚·热岛乐园,,102644685,102644685,44.40744034638677,84.92758263742905,水上乐园,,0.0,0,3.4,5,https://youimg1.c-ctrip.com/target/01069120008m5h0n145E1.jpg
东归博物馆,,2710798,38521937,42.319329421521246,86.40068026209198,博物馆,,0.0,0,5.0,5,https://youimg1.c-ctrip.com/target/010731200096dg63e0AEC.png
红山大峡谷,Hongshanda Canyon,1831172,24650305,43.92411745706024,84.9656385178153,峡谷,,0.0,0,4.8,15,https://youimg1.c-ctrip.com/target/100i0y000000mcw4608AC.jpg
巴音郭楞蒙古自治州博物馆,Museum of Bayinguoleng Mongolian Autonomous Prefecture,2725059,38536298,41.7333426699447,86.17669552521936,博物馆,以楼兰佛塔为设计主体,0.0,0,5.0,6,https://youimg1.c-ctrip.com/target/0101c1200092rs3s0EF7A.png
一万泉旅游度假村,Yiwanquan Vacation Village,4470486,50614856,43.56862075027457,89.77154987194527,度假村,,0.0,0,0.0,0,https://youimg1.c-ctrip.com/target/01015120008hme8c54C4B.jpg
吐峪沟,Tuyugou,4980345,56156160,42.85317311424615,89.68925849310841,峡谷|洞穴|古村|3A景区,赏峡谷佛洞，探千年古村,0.0,0,4.8,24,https://youimg1.c-ctrip.com/target/100d1f000001gou4gA833.jpg
阿萨吾勒开裴麻扎,A’sa Wule Kaifei Tomb of Saints,137646,98933,42.86000061035156,89.69000244140625,陵园,,0.0,0,3.8,4,https://youimg1.c-ctrip.com/target/tg/016/446/435/6f519142f491459d946d7e31e163a1f9.jpg
塔里木石油展览馆,,2598601,38408740,41.7553705747343,86.15235917206874,博物馆|展览馆,,0.0,0,4.8,4,https://youimg1.c-ctrip.com/target/fd/tg/g1/M08/AE/87/CghzfVW7IAOAbNKNAABCrs7mUrY425.jpg
玉希莫勒盖,Yuximolegai Tunnel,1713196,22865688,43.47428793604665,84.43954625842632,公路道路,,0.0,0,3.8,4,https://youimg1.c-ctrip.com/target/100a080000003k7qbCD87.jpg
海心山景区,Haixin Mountain Sceneic Area,129581,93868,41.91556167602539,87.20391845703125,山岳,,0.0,0,4.3,4,https://youimg1.c-ctrip.com/target/010491200095lm9uf7C98.png
坎儿井传承区,Karez Heritage Area,4992361,56215171,42.98325,89.082318,古迹,,0.0,0,4.5,5,https://youimg1.c-ctrip.com/target/100m0w000000kl7pf48EB.jpg
克拉玛依市图书馆,,2695576,38506715,45.56499607893131,84.88522875975774,,,0.0,0,4.8,5,https://youimg1.c-ctrip.com/target/0102m120008wnr85732BF.jpg
马兰烈士陵园,Malan Martyrs Cemetery,1832447,24651574,42.199906963356,87.31158677149287,陵园,爱国主义教育基地,0.0,0,5.0,4,https://youimg1.c-ctrip.com/target/100c1f000001gsxnx1C4B.jpg
王洛宾音乐艺术馆,Wangluobin Yinyue Art Museum,1834242,24653407,43.01744,89.249695,,,0.0,0,4.5,5,https://youimg1.c-ctrip.com/target/01043120009f6s00xBD11.jpg
老粮仓博物馆,Laoliangcang Museum,5705431,79439070,42.94232159364742,89.18584545181854,博物馆,,0.0,0,3.7,3,https://youimg1.c-ctrip.com/target/100uhk133yo57qc7460E1.jpg
东归科技文化中心,DongGui KeJi WenHua ZhongXin,4511259,50647074,42.329830363702335,86.37244879449514,博物馆,,0.0,0,5.0,3,https://youimg1.c-ctrip.com/target/100d1g000001hi7xz35CC.jpg
达瓦孜民俗风情园,Dawazi Folk Customs Park,67625754,67625754,43.00648741783137,89.24760733425248,文化旅游区,游园感受伊斯兰教文化,0.0,0,5.0,4,https://youimg1.c-ctrip.com/target/100r1b000001ajf9zF5FD.jpg
央布拉克民俗村,Yangbulak Folk Village,1992305,30464867,42.698607728048266,89.76108908749609,,,0.0,0,4.3,3,https://youimg1.c-ctrip.com/target/100r1b000001b8961310B.jpg
克拉玛依展览馆,,3141469,38956908,45.606360429810195,84.90242787533856,展览馆,,0.0,0,4.7,9,https://youimg1.c-ctrip.com/target/1A0t1c000001chxo8E90C.jpg
博斯腾湖-白鹭洲,,5718010,130858644,41.81626769742209,86.80392942936268,湖泊,,0.0,0,4.7,5,https://youimg1.c-ctrip.com/target/01003120009hxsdvk93DF.jpg
阿尔先温泉,A'erxian Hot Spring,4470500,50614870,43.41192853592495,84.74698047070821,泡温泉,,0.0,0,4.7,7,https://youimg1.c-ctrip.com/target/100k0z000000nmjyl4D67.jpg
罗布淖尔博物馆,,2608046,38418185,41.334188248625,86.26459016389578,博物馆,,0.0,0,5.0,4,https://youimg1.c-ctrip.com/target/1A0v11000000rl6bf2225.jpg
草原文化博物馆,,5717658,130843775,43.32093682595764,84.02638767679984,博物馆,,0.0,0,3.5,2,https://youimg1.c-ctrip.com/target/01001120008ybmmqxEF11.jpg
同心岛,,5717744,130847371,43.02761423388854,84.13434787537217,岛屿/半岛,,0.0,0,5.0,2,https://youimg1.c-ctrip.com/target/01017120008ysszel2C81.jpg
哈萨克第一村,Kazakh First Village,5073105,56809856,43.305641433305894,84.1910027047325,文化旅游区,,0.0,0,4.5,8,https://youimg1.c-ctrip.com/target/100d0z000000ngqsuDEC0.jpg
独库大玻璃桥,Duku Glass Skywalk,5701751,79435387,44.15572343514807,84.75952532599322,玻璃栈道,新奇9D特效的悬索桥,0.0,0,4.5,2,https://youimg1.c-ctrip.com/target/100q1f000001grj0t63FA.jpg
恐龙文化苑,,5067874,56806555,46.09641223394238,85.69540464572965,文化旅游区,,0.0,0,5.0,2,https://youimg1.c-ctrip.com/target/100u1e000001fpbks8EE5.jpg
九莲泉公园,Jiulianquan Park,4568822,51289505,44.417341582105166,84.73359224344934,城市公园,,0.0,0,5.0,3,https://youimg1.c-ctrip.com/target/100n0v000000jnmay2E6D.jpg
乌苏泥火山景区,Wusuni Volcano Scenic Area,4386356,50301177,44.18568465196334,84.39440706519319,火山,,0.0,0,5.0,4,https://youimg1.c-ctrip.com/target/1A071b000001akvtf4F0E.jpg
哈希勒根达坂,Hashilagen Daban,5067106,56808857,43.73463291891412,84.42126199992299,草原|公路道路|山岳,,0.0,0,4.5,5,https://youimg1.c-ctrip.com/target/1A0c160000010hhla04AB.jpg
阿拉山温泉疗养院,Ala Mountain Hot Spring Sanatorium,30499659,30499659,44.12591495367698,84.5546473452008,泡温泉,,0.0,0,5.0,3,https://youimg1.c-ctrip.com/target/1A0p1b000001bc99r949B.jpg
东大寺,,4578386,51597045,42.8609511242206,90.2310983870605,寺庙,,0.0,0,4.0,1,https://youimg1.c-ctrip.com/target/100r1a0000018e5vk1FB9.png
金丝玉文化促进会收藏馆,Collection of Gold Jade Culture Promotion Association,4568833,51289526,45.5684701636509,84.8745849503702,古迹,了解我国的金丝玉文化,0.0,0,4.0,1,https://youimg1.c-ctrip.com/target/100111000000qpneo3862.jpg
沙雕区,Sand Sculpture,5544366,61928851,42.844633,90.216228,雕塑雕像,,0.0,0,5.0,1,https://youimg1.c-ctrip.com/target/100g15000000xb0xmD1DE.jpg
木垒县民族博物馆,,2714304,38525443,43.83121341467939,90.27885774051968,博物馆,,0.0,0,4.0,3,https://youimg1.c-ctrip.com/target/0102x1200099zx7te5090.png
独山子天山滑雪场,,2813473,38625612,44.191084,84.839664,户外滑雪,大型滑雪休闲场所,0.0,0,1.0,1,https://youimg1.c-ctrip.com/target/010011200099mlcuwA5DA.png
天界台,Tianjietai Stone Platform,1833969,24653217,43.26774441553647,84.01996565014572,草原,,0.0,0,5.0,2,https://youimg1.c-ctrip.com/target/10040n000000ege8i0141.jpg
东阜城植物公园,,2594278,38404317,44.9509309999912,86.2078290000762,植物园,,0.0,0,5.0,2,https://youimg1.c-ctrip.com/target/0103y120008i5eco17221.jpg
库木塔格沙漠景区露营基地-夜游沙漠,,133941552,133941552,42.844633695230314,90.21622751834377,露营,,0.0,0,5.0,2,https://youimg1.c-ctrip.com/target/01004120009e4bkqa7347.png
独库公路博物馆,,130369271,130369271,44.317567,84.883843,展览馆,,0.0,0,4.0,9,https://youimg1.c-ctrip.com/target/01A24120008x8y3n5DAEC.jpg
冰峰滑雪场,Bingfeng Ski Field,3001927,38815966,44.181353672666084,84.83409096455607,户外滑雪,内有多媒体放映厅,0.0,0,5.0,10,https://youimg1.c-ctrip.com/target/1A0l1c000001dozte805D.jpg
博湖地区湿地,Bohu Marsh,5143096,58277952,41.789658,86.359329,湖泊,,0.0,0,4.0,1,https://youimg1.c-ctrip.com/target/01037120008ziksm5F0EB.jpg
和静县北山动物园,Hejingxianbei Mountain Zoo,67818878,67818878,42.37083518396459,86.33330087722943,动物园,,0.0,0,0.0,0,https://youimg1.c-ctrip.com/target/0100q1200096q93w77BDF.png
杜鹃河,Dujuan River,5701366,79180361,41.7276615420337,86.19067055904775,河流,,0.0,0,0.0,0,https://youimg1.c-ctrip.com/target/1A071b000001bpgw089C3.jpg
农业园区,,2590380,38400419,45.453647,84.952216,植物园,,0.0,0,0.0,0,https://youimg1.c-ctrip.com/target/fd/tg/g2/M08/C4/B0/CghzgVW7H_mAH93mAAA_kl5amJk965.jpg
库尔勒城乡规划展示馆,KuErLe ChengXiang GuiHua ZhanShiGuan,4510519,50646334,41.743141,86.166626,博物馆,,0.0,0,0.0,0,https://youimg1.c-ctrip.com/target/0101712000967qd8w8F66.png
克拉玛依林海公园,Kelamayi Linhai Park,4568828,51289519,45.469495,84.994294,城市公园,,0.0,0,0.0,0,https://youimg1.c-ctrip.com/target/0105p12000965fra1F382.png
乌热红风情园,,5710454,92265504,43.03286272339145,84.16072492650412,休闲场所|农家乐,,0.0,0,0.0,0,https://youimg1.c-ctrip.com/target/010231200047el06pF85A.jpg
浩腾萨拉瀑布,,98282043,98282043,43.027614233888535,84.13434787537217,游玩项目,,0.0,0,0.0,0,https://youimg1.c-ctrip.com/target/01026120008bwel9b37E8.png
拉尔墩达坂,,5713242,99705502,43.164801910730915,84.34907963190375,山岳,,0.0,0,0.0,0,https://youimg1.c-ctrip.com/target/01A3q12000855yk2t12C9.jpg
静湖,,5720115,133430031,42.46392621002065,85.43629869387478,湖泊,,0.0,0,0.0,0,https://youimg1.c-ctrip.com/target/0106d12000990mddkDB70.png
铁马广场,,131917337,131917337,45.58706451375141,84.8778687257535,广场|公园乐园,,0.0,0,0.0,0,https://youimg1.c-ctrip.com/target/fd/tg/g4/M04/50/37/CggYHFXkKmqAKBbpAAA_gurpfsg352.jpg
和静阳光之路国际滑雪场,Sunshine International Skiing Centre,1831058,24650183,43.052952451156,85.972626341105,户外滑雪,雪期长达6个月之久,0.0,0,0.0,0,https://youimg1.c-ctrip.com/target/0101u1200099vz6ms48A2.png
千泉沙湖,Qianquansha Lake,5544365,61928849,42.69087,90.247696,湖泊,,0.0,0,0.0,0,https://youimg1.c-ctrip.com/target/100v15000000xlcxw68F2.jpg
夏牧场,,98281359,98281359,43.23969968316264,84.02359821534698,游玩项目,,0.0,0,0.0,0,https://youimg1.c-ctrip.com/target/01055120008bwehvp581E.png
草原部落,,98281366,98281366,43.23969968316264,84.02359821534698,游玩项目,,0.0,0,0.0,0,https://youimg1.c-ctrip.com/target/0106n120008bweh9c73DF.png
第二师铁门市渤海教导旅纪念馆,,5714160,105505378,41.85173035267141,85.69059802467955,纪念馆,,0.0,0,0.0,0,https://youimg1.c-ctrip.com/target/0103a120008apqlqdA12E.jpg
莫西干达坂牧道,,5720280,133522056,42.30092774997709,86.05037110312229,公路道路,,0.0,0,0.0,0,https://youimg1.c-ctrip.com/target/010121200099k9qq4D149.png
孔雀河景观带,,133527953,133527953,41.74789875330685,86.13971794428777,自然风光,,0.0,0,0.0,0,https://youimg1.c-ctrip.com/target/fd/tg/g4/M09/50/11/CggYHlXkKmmAD-QXAAAz-7Q9pbY083.jpg
古城公园,Gucheng Park,4578440,51603245,44.0114194144605,89.6018635758822,城市公园,,0.0,0,0.0,0,https://youimg1.c-ctrip.com/target/01049120008j0txmf4566.jpg
克拉玛依大学城,Karamay University Town,5701053,79147323,45.54749117939024,84.93261523735605,特色街区,,0.0,0,0.0,0,https://youimg1.c-ctrip.com/target/1A021b000001azlcb3192.jpg
侏罗纪滑雪场,Zhuluoji Ski Field,2666555,38477294,45.6119,84.92516,户外滑雪,设有可供休息的蒙古包,0.0,0,0.0,0,https://youimg1.c-ctrip.com/target/100u11000000qpcvq843B.jpg
那拉提乌苏盛会,,5700785,78929004,43.292482,84.229002,游玩项目,,0.0,0,0.0,0,https://youimg1.c-ctrip.com/target/350t1b000001ac46eDDCB.jpg
马兰基地,Malan Base,5066826,56808577,42.15526,87.207756,古迹,,0.0,0,0.0,0,https://youimg1.c-ctrip.com/target/0100n1200095npw796E9D.png
奇台硅化木园,Qitai Silicified Wood Park,4568826,51289514,44.88366375183659,90.01098279017054,城市公园,,0.0,0,0.0,0,https://youimg1.c-ctrip.com/target/0103z1200098d2ytz5F30.png
吐鲁番欢乐水世界,,133941538,133941538,42.9627246978229,89.24914070664528,水上乐园,,0.0,0,0.0,0,https://youimg1.c-ctrip.com/target/0103b120009e4fd9bECB5.jpg
一五零团团部中心广场,Yiwulingtuan Tuanbu Center Square,69096729,69096729,45.013979506944075,86.1111762502713,广场,,0.0,0,0.0,0,https://youimg1.c-ctrip.com/target/1A0s1b000001b277aDC26.jpg
群众艺术馆,,3141470,38956909,45.601503,84.866706,美术馆|展览馆,,0.0,0,0.0,0,https://youimg1.c-ctrip.com/target/01A0l120008fn4w107AA2.jpg
那仁王滑雪场,Narenwang Ski Field,3708471,39529010,44.28959445733377,84.8746482147023,户外滑雪,,0.0,0,0.0,0,https://youimg1.c-ctrip.com/target/010201200087gg7lj7990.jpg
巩乃斯郭勒牧场,,65182829,65182829,43.379808680032106,84.42934009995606,园林花园,,0.0,0,0.0,0,https://youimg1.c-ctrip.com/target/fd/tg/g2/M09/C4/B0/CghzgVW7H_mAHhf4AABD5Ex5trU893.jpg
查汗努尔达板,,5712590,97770070,41.71499739458234,86.24902831094789,山岳,,0.0,0,0.0,0,https://youimg1.c-ctrip.com/target/01A1t1200082z6j4s8A6E.jpg
胡杨水韵旅游景区,,5713980,103374528,44.69403,84.761445,森林|沙漠戈壁,,0.0,0,0.0,0,https://youimg1.c-ctrip.com/target/0103l1200089kwuzb2125.jpg
阿拉山疗养院温泉,Alashan Liaoyangyuan Hot Spring,5706383,81460251,44.12512958423353,84.64179214803869,泡温泉,,0.0,0,0.0,0,https://youimg1.c-ctrip.com/target/1A0p1e000001flyk84B65.jpg
独山子区博物馆,Dushanziqu Museum,5705427,79439069,44.320736645579316,84.85713042412398,博物馆,,0.0,0,0.0,0,https://youimg1.c-ctrip.com/target/1A041c000001dl7v46478.jpg
军燕沙漠生态旅游景区,Junyanshamo Ecology Tourism Sceneic Area,5119364,58258424,44.93558985854506,85.49805969601995,沙漠戈壁,,0.0,0,0.0,0,https://youimg1.c-ctrip.com/target/100i12000000smx7k53C2.jpg
一万泉风景区,Yiwanquan Sceneic Area,69550235,69550235,43.568624,89.77155,森林|瀑布|河流,,0.0,0,0.0,0,https://youimg1.c-ctrip.com/target/010121200095x9tlsC368.jpg
独山子东湖动物园,,5717839,130851122,44.33292904915242,84.86079567939093,动物园,,0.0,0,0.0,0,https://youimg1.c-ctrip.com/target/0100m120008zg2qk0A02B.jpg
焉耆霍拉山风景区,,5719471,131212119,42.11270224005079,86.05336325153415,山岳,,0.0,0,0.0,0,https://youimg1.c-ctrip.com/target/fd/tg/g2/M0B/C4/B0/CghzgVW7H_uAYZlqAAAxbqRlqeE036.jpg
世纪公园,,131896457,131896457,45.581763,84.883009,公园乐园,,0.0,0,0.0,0,https://youimg1.c-ctrip.com/target/fd/tg/g4/M04/50/37/CggYHFXkKmqAKBbpAAA_gurpfsg352.jpg
新疆天鹅湖,,131904878,131904878,42.322687,86.382357,自然风光,,0.0,0,0.0,0,https://youimg1.c-ctrip.com/target/fd/tg/g4/M09/50/11/CggYHlXkKmmAD-QXAAAz-7Q9pbY083.jpg
奇台人民公园,,131917335,131917335,44.012587,89.603587,城市公园,,0.0,0,0.0,0,https://youimg1.c-ctrip.com/target/fd/tg/g2/M02/C5/07/Cghzf1W7H_mAOouUAAA0-J5t66I153.jpg
丝路雄关景区,,5714149,105501608,41.85857123884823,85.68982482946437,历史建筑|雕塑雕像,,0.0,0,0.0,0,https://youimg1.c-ctrip.com/target/0105f120008apqahy4D5A.jpg
西游文化长廊,,98279308,98279308,42.91891161726014,89.51454786199282,游玩项目,,0.0,0,0.0,0,https://youimg1.c-ctrip.com/target/1A0u15000000xu0urAF63.jpg
巨型温度计,,98279317,98279317,42.91891161726014,89.51454786199282,游玩项目,,0.0,0,0.0,0,https://youimg1.c-ctrip.com/target/0106p120006uzs1tyB270.jpg
巩乃斯河,,98281365,98281365,43.23969968316264,84.02359821534698,游玩项目,,0.0,0,0.0,0,https://youimg1.c-ctrip.com/target/0103s120008bw9qjh6118.jpg
博湖县博物馆,Bohuxian Museum,5704318,79437972,41.971891396486605,86.62088838342468,博物馆,,0.0,0,0.0,0,https://youimg1.c-ctrip.com/target/01A3h1200085zieufFC7F.jpg
中国金丝玉博物馆,Zhongguo Jinsiyu Museum,3481926,39300665,45.58995426108805,84.87721718431163,博物馆,,0.0,0,0.0,0,https://youimg1.c-ctrip.com/target/100311000000qr48wECB3.jpg
乐之翼儿童乐园,Lezhiyi Children Amusement Park,3137988,38953327,41.76006174867898,86.14351381265409,儿童乐园,,0.0,0,0.0,0,https://youimg1.c-ctrip.com/target/100d0s000000hwjrjE430.jpg
乌苏市城市规划展示厅,WuSuShi ChengShi GuiHua ZhanShiTing,5170511,58307357,44.41872,84.902901,博物馆,,0.0,0,0.0,0,https://youimg1.c-ctrip.com/target/fd/tg/g1/M08/AE/87/CghzfVW7IAOAbNKNAABCrs7mUrY425.jpg
达西欢乐水世界,Da Xi Huanle Shui World,68091192,68091192,41.355031600985825,86.2556387167332,水上乐园,,0.0,0,0.0,0,https://youimg1.c-ctrip.com/target/3502160000010ve2g8107.jpg
胡杨林景区,,133527944,133527944,44.68578,84.75845,自然风光,,0.0,0,0.0,0,https://youimg1.c-ctrip.com/target/fd/tg/g4/M09/50/11/CggYHlXkKmmAD-QXAAAz-7Q9pbY083.jpg
三道河子林场森林公园,Sandaohezi Forest Park,4470551,50614921,44.300411,85.553207,森林,,0.0,0,4.0,1,https://youimg1.c-ctrip.com/target//10011a0000019t3uqFC85.jpg
驼铃酒庄,Chateau Tuoling,2521240,37586778,42.9721322751,89.2133573641,,,0.0,0,0.0,0,https://youimg1.c-ctrip.com/target/100m0m000000dvcc206FD.jpg
库尔勒民俗文化博物馆,Ku'erlei Minsu Culture Museum,5704354,79437971,41.763396432487866,86.14846135822158,博物馆,,0.0,0,0.0,0,https://youimg1.c-ctrip.com/target/01A1b1200086xtbcq36E4.jpg
乌苏佛山森林公园,Wusufu Mountain Forest Park,69558630,69558630,44.125916,84.554648,4A景区|森林,,0.0,0,0.0,0,https://youimg1.c-ctrip.com/target/01A4b120008vqnqm5D2F2.jpg
独山子区影剧院,,4578615,51603942,44.3306270999382,84.8916705385957,表演赛事|剧场/剧院,,0.0,0,0.0,0,https://youimg1.c-ctrip.com/target/fd/tg/g4/M0B/50/45/CggYHVXkKm2AfNgFAABGO17kAI8882.jpg
马兰红山军博园,Malan Red Mountain Military Expo Park,5069351,56810107,42.391189010160055,87.30928600374678,古迹,两弹一星研发纪念地,0.0,0,0.0,0,https://youimg1.c-ctrip.com/target/100w1g000001h764kFA68.jpg
红杨林生态园,,131896456,131896456,46.120338,85.658978,公园乐园,,0.0,0,0.0,0,https://youimg1.c-ctrip.com/target/fd/tg/g4/M04/50/37/CggYHFXkKmqAKBbpAAA_gurpfsg352.jpg
百里油田观景台,"Observation Deck, Baili Oilfield",5073013,56809764,45.5799,84.8892,观景台,,0.0,0,0.0,0,https://youimg1.c-ctrip.com/target/01A70120009h7wpj158CE.jpg
东大塘,East Grand Pond,4800201,55845009,43.89693348707466,85.66946827368317,湖泊|3A景区,天山余脉，避暑胜地,0.0,0,4.7,6,https://youimg1.c-ctrip.com/target/100t11000000r879cCCEE.jpg
苦杨林群,,5715779,123573196,43.87455880734961,84.37637700174668,森林,,0.0,0,0.0,0,https://youimg1.c-ctrip.com/target/fd/tg/g2/M07/AE/60/CghzgFW7H_qAH64oAAAuEiOrwEw634.jpg
克拉玛依科学技术馆,,5716703,129749157,45.57009658216559,84.88911613940849,科技馆,,0.0,0,0.0,0,https://youimg1.c-ctrip.com/target/0103e120008sku1jj087A.jpg
儿童乐园,Children Amusement Park,2692723,38503862,44.41996476732169,84.6878025675234,游乐场,,0.0,0,0.0,0,https://youimg1.c-ctrip.com/target/0ww17120006o0zh1r23CB.jpg
孟克德湖,,5715790,123573198,43.85784667390205,83.98657312047652,湖泊,,0.0,0,0.0,0,https://youimg1.c-ctrip.com/target/01A4r120008re3b0mE694.jpg
葫芦岛,Hulu Island,5687351,78409625,41.34400190944825,86.259602269735,沙漠戈壁,,0.0,0,0.0,0,https://youimg1.c-ctrip.com/target/0105b120009cu1t5d7289.jpg
五道林,Wudaolin Forest Farm,5068932,56807610,42.98213,89.09002,森林,,0.0,0,0.0,0,https://youimg1.c-ctrip.com/target/01071120008ouzrjnC0D8.png
蒙特开增达坂,,5715792,123573213,43.352916499570604,86.17445826800608,雪山,,0.0,0,0.0,0,https://youimg1.c-ctrip.com/target/fd/tg/g1/M06/FC/24/CghzflW7H_iATdynAAA-FlXAIeA738.jpg
狼塔空中栈道,,123573203,123573203,43.52971841594069,86.2573726005603,徒步,,0.0,0,0.0,0,https://youimg1.c-ctrip.com/target/fd/tg/g2/M0A/C5/08/Cghzf1W7H_6AKXJzAAA6dsonnm8176.jpg
龙门客栈越野基地,,134030265,134030265,42.86439610689596,90.40705265236463,卡丁车|露营,,0.0,0,0.0,0,https://youimg1.c-ctrip.com/target/fd/tg/g2/M04/C4/B2/CghzgVW7IBGAdX-kAAA_MMqBT7g984.jpg
